Name,playerId,Season,Tm,G,TBF,ERA,H,2B,3B,R,ER,HR,BB,IBB,HBP,SO,AVG,OBP,SLG,wOBA
Noah Davis,663562,Total,COL,9,54,0.00,21,3,0,0,0,2,3,0,0,8,.412,.444,.588,
Austin Hedges,595978,Total,CLE,1,3,0.00,0,0,0,0,0,0,1,0,0,0,.000,.333,.000,
Greg Weissert,669711,Total,BOS,59,150,0.00,37,5,0,0,0,1,7,0,0,35,.264,.293,.321,
Peter Lambert,663567,Total,COL,28,157,0.00,42,8,1,0,0,4,15,0,1,27,.302,.372,.460,
Casey Mize,663554,Total,DET,22,226,0.00,65,11,1,0,0,6,13,0,0,33,.305,.345,.451,
Yoshinobu Yamamoto,808967,Total,LAD,18,189,0.00,47,17,1,0,0,5,7,0,1,54,.263,.291,.453,
Carlos Rodriguez,692230,Total,MIL,3,30,0.00,8,0,0,0,0,2,3,0,0,3,.308,.367,.538,
Bailey Falter,663559,Total,PIT,28,463,0.00,105,25,1,0,0,14,39,0,0,78,.255,.316,.422,
Victor González,624647,Total,NYY,23,64,0.00,9,2,0,0,0,3,10,0,1,7,.170,.313,.377,
Elvis Peguero,665625,Total,MIL,52,139,0.00,31,3,0,0,0,3,19,1,1,27,.261,.367,.361,
Davis Daniel,669721,Total,LAA,6,62,0.00,21,5,0,0,0,3,3,0,0,13,.356,.387,.593,
Brandon Pfaadt,694297,Total,ARI,32,375,0.00,79,14,1,0,0,12,18,0,2,109,.224,.264,.371,
Brenan Hanifee,669724,Total,DET,21,83,0.00,21,3,1,0,0,1,2,0,0,15,.259,.277,.358,
Antonio Senzatela,622608,Total,COL,3,23,0.00,8,1,0,0,0,2,3,0,0,4,.400,.478,.750,
Stephen Kolek,663568,Total,SDP,40,119,0.00,36,7,0,0,0,4,7,0,1,24,.327,.373,.500,
Hayden Wesneski,669713,Total,CHC,28,159,0.00,31,4,0,0,0,8,13,0,0,42,.212,.277,.404,
Luis Medina,665622,Total,OAK,8,86,0.00,23,7,0,0,0,2,9,0,0,17,.311,.372,.486,
Tony Santillan,663574,Total,CIN,26,74,0.00,13,2,0,0,0,4,7,0,0,30,.194,.270,.403,
Seth Martinez,661527,Total,HOU,43,134,0.00,25,8,0,0,0,3,10,0,4,28,.210,.293,.353,
Deivi García,665620,Total,CWS,14,40,0.00,10,1,0,0,0,0,7,0,0,9,.313,.425,.344,
Adam Ottavino,493603,Total,NYM,58,152,0.00,27,2,0,0,0,2,12,0,3,45,.199,.278,.257,
Jakob Junis,596001,Total,CIN,24,148,0.00,27,10,0,0,0,3,5,0,3,31,.193,.236,.329,
Eduardo Rodriguez,593958,Total,ARI,10,181,0.00,48,13,1,0,0,6,13,1,1,39,.289,.343,.488,
Luis Gil,661563,Total,NYY,29,334,0.00,49,14,0,0,0,8,38,0,7,99,.170,.282,.302,
Slade Cecconi,677944,Total,ARI,20,174,0.00,53,14,0,0,0,9,7,0,1,38,.321,.351,.570,
Luis Guerrero,692285,Total,BOS,9,18,0.00,2,1,0,0,0,0,2,0,0,6,.133,.222,.200,
Wandy Peralta,593974,Total,SDP,42,104,0.00,20,2,0,0,0,4,9,0,1,14,.215,.288,.366,
Max Fried,608331,Total,ATL,29,557,0.00,101,11,1,0,0,8,43,0,4,128,.200,.266,.273,
Ryan Weathers,677960,Total,MIA,16,292,0.00,64,14,0,0,0,11,17,1,7,61,.242,.302,.419,
Tucker Barnhart,571466,Total,ARI,1,4,0.00,1,0,0,0,0,0,0,0,0,0,.250,.250,.250,
Zach Brzykcy,694350,Total,WSN,6,22,0.00,7,1,0,0,0,2,1,0,0,3,.333,.364,.667,
Kyle Tyler,667725,Total,MIA,8,66,0.00,12,1,0,0,0,1,9,0,1,11,.214,.333,.286,
Carson Fulmer,608334,Total,LAA,35,200,0.00,37,10,0,0,0,5,22,2,3,48,.214,.310,.358,
Jaden Hill,677955,Total,COL,9,23,0.00,5,0,0,0,0,2,2,0,1,3,.263,.348,.579,
Kumar Rocker,677958,Total,TEX,3,27,0.00,8,0,0,0,0,1,1,0,1,6,.348,.385,.478,
Spencer Strider,675911,Total,ATL,2,21,0.00,4,1,0,0,0,0,3,0,0,7,.222,.333,.278,
Jake Irvin,663623,Total,WSN,33,371,0.00,84,18,1,0,0,12,19,0,2,78,.240,.283,.400,
Jacob Lopez,682052,Total,TBR,4,29,0.00,2,0,0,0,0,2,4,0,1,4,.083,.241,.333,
Luis Severino,622663,Total,NYM,31,373,0.00,72,13,1,0,0,7,30,0,6,85,.216,.292,.323,
Cole Irvin,608344,Total,MIN,28,375,0.00,108,25,5,0,0,17,25,1,4,61,.318,.366,.571,
Jared Shuster,694363,Total,CWS,38,202,0.00,42,8,0,0,0,5,27,0,0,33,.243,.342,.376,
Randy Dobnak,677976,Total,MIN,5,24,0.00,5,2,1,0,0,0,2,0,0,3,.227,.292,.409,
Will Klein,694361,Total,OAK,8,21,0.00,5,3,0,0,0,0,3,0,0,5,.278,.381,.444,
David Hensley,682073,Total,MIA,1,4,0.00,1,0,0,0,0,0,0,0,1,0,.333,.500,.333,
Joel Payamps,606303,Total,MIL,65,126,0.00,17,3,0,0,0,1,11,2,2,33,.153,.240,.207,
Spencer Howard,675921,Total,CLE,9,75,0.00,29,5,1,0,0,2,9,0,0,11,.446,.514,.646,
Miguel Castro,612434,Total,ARI,11,40,0.00,14,3,1,0,0,3,2,0,1,4,.389,.436,.778,
Brennan Bernardino,657514,Total,BOS,50,108,0.00,25,5,0,0,0,1,15,6,4,23,.284,.407,.375,
José Soriano,667755,Total,LAA,22,203,0.00,46,10,0,0,0,4,24,0,5,46,.269,.371,.398,
Jose E. Hernandez,669796,Total,PIT,7,14,0.00,2,0,0,0,0,1,3,1,0,1,.182,.357,.455,
Mike Baumann,657508,Total,MIA,56,151,0.00,31,4,1,0,0,5,15,1,4,28,.240,.331,.403,
Elieser Hernández,622694,Total,MIL,9,42,0.00,12,3,0,0,0,3,1,0,0,5,.293,.310,.585,
Michael Wacha,608379,Total,KCR,29,333,0.00,74,11,1,0,0,8,24,0,4,67,.246,.308,.369,
Wes Parsons,641149,Total,CLE,4,21,0.00,7,1,0,0,0,2,1,0,0,4,.350,.381,.700,
Lucas Sims,608371,Total,BOS,56,135,0.00,27,5,1,0,0,5,17,0,0,39,.231,.326,.419,
Matthew Boyd,571510,Total,CLE,8,135,0.00,28,8,0,0,0,2,10,0,2,37,.230,.296,.344,
Tim Herrin,682120,Total,CLE,69,156,0.00,26,7,0,0,0,2,20,1,1,39,.194,.301,.291,
Jordan Leasure,673929,Total,CWS,32,76,0.00,19,3,1,0,0,2,9,0,0,15,.288,.373,.455,
Pablo López,641154,Total,MIN,32,392,0.00,86,17,0,0,0,13,21,0,5,111,.237,.286,.391,
Hogan Harris,663687,Total,OAK,20,232,0.00,49,10,0,0,0,5,20,0,3,43,.238,.313,.359,
Seth Halvorsen,678020,Total,COL,9,16,0.00,2,0,0,0,0,1,0,0,1,5,.133,.188,.333,
David Buchanan,571527,Total,CIN,1,8,0.00,1,0,0,0,0,0,1,0,0,0,.143,.250,.143,
James McArthur,663704,Total,KCR,55,134,0.00,37,8,0,0,0,4,8,1,1,25,.301,.346,.463,
Ronel Blanco,669854,Total,HOU,30,326,0.00,55,12,1,0,0,8,32,0,1,84,.190,.270,.321,
Zach Pop,647315,Total,TOR,56,119,0.00,24,2,0,0,0,3,6,0,2,21,.218,.269,.318,
Matt Carasiti,571539,Total,COL,7,20,0.00,3,0,0,0,0,1,0,0,1,6,.158,.200,.316,
Garrett Stubbs,596117,Total,PHI,4,11,0.00,1,0,0,0,0,1,2,0,0,0,.111,.273,.444,
Cody Bolton,675989,Total,SEA,17,43,0.00,7,2,1,0,0,3,7,0,0,10,.200,.326,.571,
Shawn Armstrong,542888,Total,CHC,57,182,0.00,40,6,1,0,0,2,16,0,1,40,.245,.315,.331,
Michael Soroka,647336,Total,CWS,25,175,0.00,35,6,1,0,0,7,17,0,2,43,.229,.310,.418,
Chris Roycroft,688297,Total,STL,27,92,0.00,16,3,0,0,0,1,7,0,1,21,.193,.264,.265,
Ray Kerr,678061,Total,ATL,10,66,0.00,20,5,0,0,0,3,3,0,3,17,.339,.394,.576,
Miguel Díaz,622766,Total,HOU,1,1,0.00,0,0,0,0,0,0,0,0,0,0,.000,.000,.000,
Caleb Ferguson,657571,Total,HOU,59,153,0.00,39,10,0,0,0,4,11,1,1,45,.277,.333,.433,
Tyler Anderson,542881,Total,LAA,31,587,0.00,124,25,3,0,0,16,53,2,3,110,.235,.307,.385,
Matt Andriese,542882,Total,MIA,4,15,0.00,4,1,0,0,0,1,0,0,0,5,.267,.267,.533,
Luke Weaver,596133,Total,NYY,60,169,0.00,29,6,3,0,0,7,10,0,2,50,.188,.244,.403,
Daniel Lynch IV,663738,Total,KCR,14,123,0.00,24,6,0,0,0,6,10,0,3,25,.218,.301,.436,
Cody Poteet,547001,Total,NYY,5,51,0.00,11,2,0,0,0,1,4,0,1,11,.239,.314,.348,
Adam Cimber,643256,Total,LAA,27,67,0.00,12,1,0,0,0,1,7,0,4,10,.222,.348,.296,
Patrick Corbin,571578,Total,WSN,32,618,0.00,179,33,7,0,0,23,38,0,3,107,.315,.357,.519,
Hurston Waldrep,694462,Total,ATL,2,16,0.00,4,1,0,0,0,0,4,0,1,1,.364,.563,.455,
Joe Jacques,682175,Total,ARI,2,9,0.00,3,1,0,0,0,1,1,0,1,2,.429,.556,1.000,
Cade Smith,671922,Total,CLE,71,151,0.00,30,13,0,0,0,1,7,0,3,49,.213,.265,.326,
Reed Garrett,657585,Total,NYM,47,126,0.00,24,4,0,0,0,3,17,0,2,43,.226,.341,.349,
Tim Hill,657612,Total,NYY,59,159,0.00,44,1,0,0,0,2,11,2,1,16,.303,.352,.352,
Edward Cabrera,665795,Total,MIA,20,206,0.00,39,5,0,0,0,7,19,0,4,62,.215,.301,.359,
Jesus Tinoco,622786,Total,MIA,29,78,0.00,14,0,1,0,0,1,6,1,1,20,.197,.269,.268,
Justin Verlander,434378,Total,HOU,17,194,0.00,54,10,0,0,0,5,12,0,4,32,.303,.361,.444,
Kirby Snead,669912,Total,SEA,10,28,0.00,6,3,0,0,0,0,5,0,0,3,.261,.393,.391,
Bryan Hoeing,663773,Total,SDP,32,137,0.00,34,4,1,0,0,3,8,0,0,26,.264,.307,.380,
Jason Adam,592094,Total,SDP,70,161,0.00,23,4,1,0,0,3,14,2,6,47,.165,.267,.273,
Caden Dana,702674,Total,LAA,3,28,0.00,6,0,0,0,0,2,0,0,1,4,.231,.250,.462,
Cody Bradford,674003,Total,TEX,14,226,0.00,47,5,2,0,0,9,11,0,0,54,.220,.257,.388,
Amos Willingham,686294,Total,WSN,1,2,0.00,1,0,0,0,0,1,0,0,0,1,.500,.500,2.000,
Chase Shugart,663767,Total,BOS,6,15,0.00,3,0,0,0,0,0,2,0,0,5,.231,.333,.231,
Jake Woodford,663765,Total,PIT,9,86,0.00,24,8,1,0,0,0,4,0,2,13,.304,.349,.430,
George Kirby,669923,Total,SEA,33,422,0.00,95,19,1,0,0,10,8,0,5,91,.234,.257,.360,
Patrick Sandoval,663776,Total,LAA,16,298,0.00,77,15,0,0,0,7,26,1,0,65,.285,.346,.419,
Oswaldo Cabrera,665828,Total,NYY,1,3,0.00,0,0,0,0,0,0,2,0,0,0,.000,.667,.000,
Matt Barnes,598264,Total,WSN,13,28,0.00,9,2,0,0,0,0,1,0,0,5,.333,.357,.407,
Collin Snider,676092,Total,SEA,41,96,0.00,17,4,0,0,0,4,8,1,0,30,.193,.260,.375,
Gordon Graceffo,700669,Total,STL,2,18,0.00,4,3,0,0,0,0,1,0,0,3,.250,.278,.438,
Janson Junk,676083,Total,OAK,6,28,0.00,11,3,0,0,0,1,1,0,0,7,.423,.429,.654,
Brandon Williamson,682227,Total,CIN,4,47,0.00,6,1,0,0,0,2,4,0,0,10,.143,.213,.310,
Scott Alexander,518397,Total,OAK,41,93,0.00,21,4,0,0,0,3,13,7,0,17,.273,.374,.442,
Jared Koenig,657649,Total,MIL,55,169,0.00,36,4,1,0,0,2,19,4,4,42,.248,.351,.331,
Emerson Hancock,676106,Total,SEA,12,139,0.00,34,4,1,0,0,10,6,0,4,23,.266,.317,.547,
Buck Farmer,571656,Total,CIN,61,178,0.00,32,12,0,0,0,5,12,2,6,44,.204,.282,.376,
Kyle Farmer,571657,Total,MIN,3,9,0.00,2,0,0,0,0,0,1,0,0,0,.250,.333,.250,
Chad Green,643338,Total,TOR,51,111,0.00,21,1,0,0,0,3,7,2,0,20,.206,.252,.304,
Jeff Criswell,676105,Total,COL,12,51,0.00,11,2,0,0,0,3,6,0,1,18,.250,.353,.500,
Mason Montgomery,682254,Total,TBR,8,23,0.00,4,2,0,0,0,0,3,0,0,10,.200,.304,.300,
Javier Assad,665871,Total,CHC,29,292,0.00,70,17,1,0,0,12,28,0,2,49,.269,.342,.481,
Nick Ramirez,598286,Total,LAD,8,42,0.00,15,4,0,0,0,0,4,1,0,2,.405,.452,.514,
Bryce Miller,682243,Total,SEA,31,324,0.00,59,9,0,0,0,6,13,1,3,86,.192,.231,.280,
Mitch White,669952,Total,MIL,13,65,0.00,14,2,2,0,0,0,7,1,0,11,.246,.328,.351,
Tommy Henry,674072,Total,ARI,9,127,0.00,33,8,1,0,0,7,15,0,0,21,.303,.381,.587,
Cam Booser,592155,Total,BOS,43,106,0.00,22,3,1,0,0,4,10,1,0,26,.232,.302,.411,
Kyle Gibson,502043,Total,STL,30,334,0.00,71,9,1,0,0,10,24,1,1,72,.234,.289,.368,
Dylan Floro,571670,Total,ARI,64,179,0.00,42,7,0,0,0,3,11,0,1,33,.255,.303,.352,
Tyler Alexander,641302,Total,TBR,23,330,0.00,79,15,1,0,0,17,20,1,3,67,.261,.310,.485,
José Marte,665896,Total,LAA,14,42,0.00,7,1,0,0,0,0,5,0,1,10,.194,.310,.222,
Jordan Hicks,663855,Total,SFG,29,258,0.00,59,13,2,0,0,7,15,0,2,59,.246,.295,.404,
Kevin Herget,643361,Total,MIL,7,24,0.00,1,0,0,0,0,0,2,0,0,7,.045,.125,.045,
José Buttó,676130,Total,NYM,29,142,0.00,27,7,0,0,0,3,9,0,4,43,.213,.284,.339,
Shaun Anderson,641312,Total,MIA,6,44,0.00,17,5,0,0,0,2,0,0,1,5,.395,.409,.651,
Yariel Rodríguez,684320,Total,TOR,20,201,0.00,43,8,1,0,0,6,15,0,3,51,.236,.303,.390,
Vinny Nittoli,657697,Total,BAL,9,30,0.00,7,1,0,0,0,1,2,0,0,4,.250,.300,.393,
Gerrit Cole,543037,Total,NYY,17,162,0.00,35,4,1,0,0,6,10,0,3,35,.235,.296,.396,
Jake Bauers,641343,Total,MIL,4,12,0.00,4,2,0,0,0,0,2,0,0,1,.400,.500,.600,
Griffin Jax,643377,Total,MIN,69,145,0.00,23,2,2,0,0,2,7,0,1,55,.169,.214,.257,
Bryan Baker,641329,Total,BAL,19,54,0.00,12,4,1,0,0,2,3,0,0,15,.235,.278,.471,
Germán Márquez,608566,Total,COL,1,12,0.00,4,0,0,0,0,1,2,0,0,2,.400,.500,.700,
Ryan Loutos,702795,Total,STL,3,6,0.00,2,1,0,0,0,0,0,0,0,0,.333,.333,.500,
David Robertson,502085,Total,TEX,66,165,0.00,36,5,0,0,0,2,14,1,4,50,.248,.329,.324,
Nate Pearson,663878,Total,CHC,55,152,0.00,35,9,0,0,0,8,9,0,2,39,.255,.303,.496,
Isiah Kiner-Falefa,643396,Total,TOR,2,8,0.00,1,0,0,0,0,0,2,0,0,0,.200,.375,.200,
Austin Gomber,596295,Total,COL,30,532,0.00,142,32,3,0,0,21,32,0,1,85,.286,.329,.489,
Luke Williams,663897,Total,ATL,3,11,0.00,4,0,0,0,0,0,0,0,1,0,.400,.455,.400,
Kenny Rosenberg,670046,Total,LAA,7,73,0.00,19,4,0,0,0,3,4,1,0,9,.275,.315,.464,
Brady Singer,663903,Total,KCR,30,343,0.00,67,8,2,0,0,7,15,0,4,79,.208,.252,.311,
Joe Ryan,657746,Total,MIN,23,283,0.00,61,16,3,0,0,10,12,0,3,86,.229,.269,.425,
Daysbel Hernández,678226,Total,ATL,16,44,0.00,4,1,0,0,0,0,6,0,0,14,.105,.227,.132,
Danny Coulombe,543056,Total,BAL,32,67,0.00,8,1,0,0,0,3,5,0,0,22,.129,.194,.290,
Phil Bickford,641360,Total,NYY,8,27,0.00,8,2,0,0,0,1,1,0,1,4,.333,.385,.542,
Mark Leiter Jr.,643410,Total,NYY,49,114,0.00,24,4,0,0,0,5,11,1,1,43,.235,.316,.422,
Matt Festa,670036,Total,TEX,19,62,0.00,11,2,0,0,0,2,5,0,1,17,.200,.274,.345,
Ryan Brasier,518489,Total,LAD,27,53,0.00,6,0,1,0,0,2,3,0,0,16,.128,.173,.298,
Brandon Crawford,543063,Total,STL,1,6,0.00,1,0,0,0,0,0,1,0,1,0,.250,.500,.250,
Brendon Little,663893,Total,TOR,48,100,0.00,24,5,0,0,0,6,11,2,0,16,.273,.354,.534,
Colin Holderman,670059,Total,PIT,53,125,0.00,23,2,0,0,0,4,9,0,2,31,.207,.272,.333,
Michael Lorenzen,547179,Total,KCR,26,285,0.00,69,14,1,0,0,11,27,0,3,46,.272,.347,.465,
Humberto Castellanos,528748,Total,ARI,7,26,0.00,5,2,0,0,0,0,3,0,2,3,.250,.385,.350,
Ildemaro Vargas,545121,Total,WSN,2,4,0.00,2,0,0,0,0,0,0,0,1,0,.667,.750,.667,
Connor Brogdon,641401,Total,LAD,4,11,0.00,2,0,0,0,0,2,4,0,0,2,.286,.545,1.143,
Enrique Hernández,571771,Total,LAD,4,9,0.00,1,0,0,0,0,0,0,0,0,0,.111,.111,.111,
JT Chargois,608638,Total,SEA,36,88,0.00,17,2,0,0,0,2,9,0,2,9,.221,.318,.325,
Michael Kelly,547184,Total,OAK,28,75,0.00,16,3,1,0,0,0,4,0,0,12,.232,.270,.304,
Andrew Heaney,571760,Total,TEX,32,553,0.00,125,24,1,0,0,20,30,1,9,130,.246,.298,.415,
Bailey Horn,690544,Total,BOS,16,40,0.00,8,3,0,0,0,0,6,2,0,8,.242,.350,.333,
Chayce McDermott,694646,Total,BAL,1,8,0.00,1,0,0,0,0,0,0,0,0,2,.125,.125,.125,
Tyler Holton,663947,Total,DET,64,207,0.00,36,6,1,0,0,4,12,1,0,46,.187,.233,.290,
Tyler Duffey,608648,Total,KCR,9,23,0.00,3,0,0,0,0,0,5,0,0,5,.167,.348,.167,
Tristan Beck,663941,Total,SFG,6,30,0.00,7,3,0,0,0,1,2,0,1,4,.269,.333,.500,
Ryan Walker,676254,Total,SFG,68,161,0.00,25,2,0,0,0,2,9,0,4,57,.170,.236,.224,
Nathan Eovaldi,543135,Total,TEX,29,357,0.00,69,8,2,0,0,11,21,0,6,88,.212,.269,.350,
Alan Busenitz,641427,Total,CIN,3,12,0.00,6,1,0,0,0,1,0,0,0,2,.500,.500,.833,
Bowden Francis,670102,Total,TOR,27,221,0.00,40,11,0,0,0,9,9,0,5,61,.194,.244,.379,
Alex Cobb,502171,Total,CLE,3,32,0.00,6,1,1,0,0,0,2,0,0,7,.200,.250,.300,
Raymond Burgos,670103,Total,SFG,1,4,0.00,1,0,0,0,0,0,1,0,0,1,.333,.500,.333,
Chris Paddack,663978,Total,MIN,17,191,0.00,48,10,0,0,0,7,9,0,0,47,.264,.298,.434,
Paolo Espino,502179,Total,TOR,3,20,0.00,7,2,1,0,0,1,2,0,1,2,.412,.500,.824,
Adam Oller,670124,Total,MIA,8,97,0.00,22,4,0,0,0,3,7,0,1,16,.247,.309,.393,
Kent Emanuel,592288,Total,MIA,12,42,0.00,13,3,0,0,0,4,4,0,0,5,.342,.405,.737,
Tyler Phillips,663969,Total,PHI,8,87,0.00,29,5,0,0,0,6,4,0,1,15,.358,.391,.642,
Austin Pruitt,643493,Total,TEX,4,15,0.00,3,0,0,0,0,1,2,0,0,1,.250,.333,.500,
Dominic Leone,608678,Total,CWS,22,49,0.00,12,5,0,0,0,2,7,0,0,11,.286,.388,.548,
Joey Cantillo,676282,Total,CLE,9,121,0.00,23,9,0,0,0,3,10,0,0,34,.209,.273,.373,
Richard Lovelady,663992,Total,TBR,34,83,0.00,21,4,0,0,0,2,6,1,0,15,.276,.329,.408,
Bobby Miller,676272,Total,LAD,13,135,0.00,36,5,0,0,0,8,16,0,2,24,.308,.400,.556,
Tyler Rogers,643511,Total,SFG,72,151,0.00,32,6,0,0,0,4,5,1,0,30,.221,.245,.345,
Fernando Cruz,518585,Total,CIN,67,164,0.00,26,7,0,0,0,3,17,1,1,68,.181,.270,.292,
Ricardo Pinto,620982,Total,PHI,6,33,0.00,12,4,0,0,0,2,4,0,2,5,.444,.545,.815,
Nick Vespi,663989,Total,BAL,11,36,0.00,8,4,0,0,0,1,2,0,0,5,.242,.278,.455,
Declan Cronin,686539,Total,MIA,56,191,0.00,44,8,0,0,0,0,15,0,3,49,.256,.326,.302,
Nestor Cortes,641482,Total,NYY,31,557,0.00,133,39,0,0,0,22,30,0,4,120,.256,.301,.459,
Chris Stratton,608717,Total,KCR,56,148,0.00,35,8,2,0,0,5,11,0,2,21,.269,.327,.477,
Kevin Gausman,592332,Total,TOR,31,366,0.00,82,17,2,0,0,11,25,0,2,83,.244,.299,.405,
Brent Suter,608718,Total,CIN,45,167,0.00,41,8,0,0,0,4,11,0,0,29,.265,.311,.394,
Chris Martin,455119,Total,BOS,43,86,0.00,22,2,0,0,0,3,1,0,2,22,.268,.291,.402,
Jose Cuas,621016,Total,TOR,13,50,0.00,10,0,1,0,0,1,3,0,5,11,.238,.360,.357,
Josh Winckowski,670174,Total,BOS,39,171,0.00,40,9,0,0,0,4,12,0,1,28,.260,.314,.396,
Jon Gray,592351,Total,TEX,23,221,0.00,52,7,1,0,0,4,5,0,0,48,.243,.259,.341,
Landen Roupp,694738,Total,SFG,23,114,0.00,27,9,0,0,0,1,7,0,1,31,.255,.307,.368,
Austin Voth,608723,Total,SEA,65,128,0.00,22,2,0,0,0,5,11,0,2,39,.193,.276,.342,
Parker Dunshee,670161,Total,ATL,1,8,0.00,3,1,0,0,0,1,0,0,1,2,.429,.500,1.000,
John Schreiber,670167,Total,KCR,59,126,0.00,24,3,0,0,0,0,12,0,2,27,.216,.302,.243,
Jake Diekman,518617,Total,NYM,39,78,0.00,15,4,1,0,0,6,13,0,1,25,.238,.372,.619,
Matt Koch,571863,Total,COL,2,2,0.00,1,1,0,0,0,0,0,0,0,0,.500,.500,1.000,
Derek Law,571882,Total,WSN,73,236,0.00,59,8,1,0,0,5,12,0,1,40,.273,.306,.389,
Eduardo Salazar,674285,Total,WSN,26,87,0.00,19,4,0,0,0,2,9,0,1,16,.247,.333,.377,
Jonathan Cannon,686563,Total,CWS,23,247,0.00,54,10,1,0,0,7,23,0,2,47,.245,.320,.395,
Valente Bellozo,678368,Total,MIA,13,162,0.00,40,9,1,0,0,10,11,1,1,21,.270,.321,.547,
Brayan Bello,678394,Total,BOS,30,323,0.00,71,12,0,0,0,6,21,0,5,81,.241,.300,.344,
Steven Wilson,621051,Total,CWS,39,87,0.00,21,7,0,0,0,4,7,1,2,20,.280,.345,.533,
Tyler Ferguson,621053,Total,OAK,48,118,0.00,12,2,0,0,0,0,10,0,0,44,.112,.188,.131,
Justin Slaten,686580,Total,BOS,43,119,0.00,29,2,1,0,0,2,1,0,1,27,.252,.261,.339,
Luke Maile,571912,Total,CIN,3,10,0.00,3,1,0,0,0,1,0,0,0,0,.333,.300,.778,
Zac Kristofak,670219,Total,LAA,1,7,0.00,2,1,0,0,0,0,2,0,0,0,.500,.571,.750,
Sonny Gray,543243,Total,STL,28,356,0.00,70,16,0,0,0,10,17,0,0,116,.210,.246,.348,
Tyler Jay,664079,Total,MIL,5,27,0.00,7,2,0,0,0,0,3,0,0,5,.292,.370,.375,
Matt Mervis,670223,Total,CHC,1,5,0.00,3,2,0,0,0,0,0,0,0,0,.600,.600,1.000,
Garrett Cleavinger,664076,Total,TBR,63,176,0.00,32,2,1,0,0,5,21,0,5,45,.218,.330,.347,
Dane Dunning,641540,Total,TEX,26,218,0.00,51,8,0,0,0,8,17,0,3,47,.258,.326,.419,
Anthony Gose,543238,Total,CLE,3,14,0.00,5,2,0,0,0,1,0,0,0,3,.357,.357,.714,
Reid Detmers,672282,Total,LAA,17,286,0.00,76,15,1,0,0,13,25,0,0,78,.293,.353,.510,
Cole Ragans,666142,Total,KCR,32,594,0.00,104,22,3,0,0,13,53,1,5,189,.195,.274,.321,
Gavin Stone,694813,Total,LAD,25,308,0.00,81,11,2,0,0,12,12,0,1,54,.278,.306,.454,
Manuel Rodríguez,655889,Total,TBR,39,88,0.00,16,3,0,0,0,3,5,1,5,22,.213,.302,.373,
Braxton Garrett,666129,Total,MIA,7,123,0.00,30,6,0,0,0,4,2,0,3,26,.254,.285,.407,
Steven Matz,571927,Total,STL,12,141,0.00,39,6,0,0,0,7,13,1,0,27,.307,.369,.520,
Hunter Brown,686613,Total,HOU,31,333,0.00,85,6,0,0,0,8,23,0,5,76,.279,.339,.377,
Jacob Waguespack,621097,Total,TBR,4,32,0.00,8,2,0,0,0,1,6,0,0,9,.308,.438,.500,
Miles Mikolas,571945,Total,STL,32,375,0.00,103,25,0,0,0,16,11,0,2,59,.287,.310,.490,
Robert Garcia,676395,Total,WSN,65,148,0.00,34,4,0,0,0,3,8,1,0,46,.245,.286,.338,
Shelby Miller,571946,Total,DET,46,120,0.00,29,6,0,0,0,6,8,0,5,20,.276,.350,.505,
Luke Jackson,592426,Total,ATL,52,136,0.00,30,6,0,0,0,3,12,0,1,37,.246,.319,.369,
Hoby Milner,571948,Total,MIL,56,159,0.00,33,8,0,0,0,2,13,2,2,37,.237,.306,.338,
Paul Sewald,623149,Total,ARI,41,93,0.00,17,5,0,0,0,4,2,0,3,22,.195,.237,.391,
Matt Manning,666159,Total,DET,5,53,0.00,10,1,0,0,0,0,4,0,0,11,.217,.264,.239,
Matt Foster,641582,Total,CWS,6,15,0.00,2,0,0,0,0,1,2,0,0,3,.154,.267,.385,
Nick Lodolo,666157,Total,CIN,21,401,0.00,80,24,0,0,0,13,28,0,16,100,.225,.309,.402,
Matt Wallner,670242,Total,MIN,1,4,0.00,2,1,0,0,0,0,0,0,0,0,.500,.500,.750,
Darius Vines,670241,Total,ATL,4,41,0.00,13,3,0,0,0,3,3,0,1,6,.371,.415,.714,
Ernie Clement,676391,Total,TOR,1,3,0.00,1,0,0,0,0,0,0,0,0,0,.333,.333,.333,
Tyler Fitzgerald,666149,Total,SFG,2,6,0.00,4,1,0,0,0,0,0,0,0,0,.667,.667,.833,
Paul Blackburn,621112,Total,NYM,14,157,0.00,43,7,1,0,0,8,12,0,2,26,.305,.365,.539,
Scott Effross,664123,Total,NYY,3,10,0.00,2,0,0,0,0,1,1,0,0,2,.222,.300,.556,
Ryan Zeferjahn,666171,Total,LAA,12,41,0.00,6,1,0,0,0,0,4,1,1,8,.171,.268,.200,
Ryan Burr,621114,Total,TOR,34,88,0.00,18,6,0,0,0,3,4,0,1,30,.217,.261,.398,
Pete Fairbanks,664126,Total,TBR,45,93,0.00,15,2,0,0,0,2,8,1,0,23,.179,.250,.274,
Ty Adcock,686654,Total,NYM,3,9,0.00,1,0,0,0,0,1,0,0,0,2,.111,.111,.444,
Chris Flexen,623167,Total,CWS,33,383,0.00,101,26,0,0,0,9,35,1,2,61,.294,.361,.449,
Kyle Hendricks,543294,Total,CHC,29,278,0.00,68,6,1,0,0,8,18,0,1,45,.268,.313,.394,
Fraser Ellard,686642,Total,CWS,23,56,0.00,5,1,0,0,0,2,9,3,1,14,.114,.268,.273,
J.P. France,641585,Total,HOU,5,53,0.00,13,2,0,0,0,2,4,0,0,7,.271,.321,.438,
Ben Rortvedt,666163,Total,TBR,1,6,0.00,2,0,0,0,0,1,1,0,0,1,.400,.500,1.000,
Zach Eflin,621107,Total,BAL,28,350,0.00,95,14,2,0,0,11,8,0,2,60,.281,.300,.432,
Walker Buehler,621111,Total,LAD,16,167,0.00,42,6,0,0,0,8,13,0,3,27,.282,.349,.483,
Aaron Hicks,543305,Total,LAA,1,3,0.00,1,0,0,0,0,1,0,0,0,0,.333,.333,1.333,
Ian Gibaut,664139,Total,CIN,2,4,0.00,1,0,0,0,0,0,0,0,0,0,.250,.250,.250,
David Bednar,670280,Total,PIT,61,140,0.00,32,5,0,0,0,2,13,1,2,32,.258,.338,.347,
Cionel Pérez,672335,Total,BAL,61,129,0.00,28,6,1,0,0,0,15,0,3,26,.257,.359,.330,
Yu Darvish,506433,Total,SDP,16,174,0.00,33,9,1,0,0,7,12,0,2,40,.212,.272,.417,
Brant Hurter,676428,Total,DET,10,102,0.00,18,4,1,0,0,3,5,0,0,18,.188,.225,.344,
Osvaldo Bido,674370,Total,OAK,16,140,0.00,29,11,0,0,0,1,11,1,5,39,.236,.321,.350,
Tyler Heineman,623168,Total,TOR,1,3,0.00,0,0,0,0,0,0,0,0,0,0,.000,.000,.000,
Geoff Hartlieb,664129,Total,COL,5,23,0.00,7,3,1,0,0,1,2,0,0,4,.333,.391,.714,
Tommy Kahnle,592454,Total,NYY,44,84,0.00,16,4,0,0,0,3,9,0,0,20,.213,.298,.387,
Jesús Luzardo,666200,Total,MIA,12,224,0.00,49,8,1,0,0,7,17,0,2,45,.241,.305,.394,
Tanner Bibee,676440,Total,CLE,31,316,0.00,55,15,2,0,0,8,16,0,5,85,.190,.241,.338,
Alek Manoah,666201,Total,TOR,5,46,0.00,4,1,0,0,0,0,5,0,2,11,.105,.239,.132,
Randy Rodríguez,678495,Total,SFG,34,125,0.00,25,6,1,0,0,2,9,0,2,28,.225,.293,.351,
Riley Pint,666207,Total,COL,4,15,0.00,5,0,0,0,0,2,4,0,1,3,.500,.667,1.100,
Dany Jiménez,666204,Total,OAK,24,63,0.00,10,3,1,0,0,3,11,0,1,13,.208,.349,.500,
Kyle Muller,666205,Total,OAK,21,120,0.00,28,5,0,0,0,2,8,3,0,20,.252,.300,.351,
Grae Kessinger,666197,Total,HOU,1,2,0.00,0,0,0,0,0,0,0,0,0,0,.000,.000,.000,
Huascar Brazobán,623211,Total,NYM,39,124,0.00,26,2,3,0,0,2,12,0,3,29,.239,.331,.367,
Daniel Hudson,543339,Total,LAD,61,130,0.00,25,3,1,0,0,5,10,0,0,33,.210,.269,.378,
Luis Guillorme,641645,Total,LAA,3,11,0.00,3,0,0,0,0,1,1,0,0,0,.300,.364,.600,
Alex Speas,666208,Total,HOU,1,4,0.00,1,0,0,0,0,0,0,0,0,2,.250,.250,.250,
Joey Wentz,666214,Total,PIT,44,183,0.00,42,5,0,0,0,7,22,1,3,37,.269,.366,.436,
Forrest Whitley,666215,Total,HOU,3,13,0.00,3,1,0,0,0,0,3,0,1,3,.333,.538,.444,
Grayson Rodriguez,680570,Total,BAL,20,250,0.00,64,14,1,0,0,9,16,0,4,62,.279,.336,.467,
Ian Hamilton,641656,Total,NYY,34,102,0.00,23,6,0,0,0,1,7,0,2,30,.256,.314,.356,
Garrett Hampson,641658,Total,KCR,1,2,0.00,0,0,0,0,0,0,0,0,0,0,.000,.000,.000,
Adam Kloffenstein,680572,Total,STL,1,3,0.00,0,0,0,0,0,0,0,0,0,0,.000,.000,.000,
Simeon Woods Richardson,680573,Total,MIN,28,329,0.00,71,15,1,0,0,10,28,0,0,68,.241,.303,.400,
Garrett Whitlock,676477,Total,BOS,4,27,0.00,7,2,0,0,0,0,4,0,0,9,.304,.407,.391,
Roddery Muñoz,682610,Total,MIA,18,193,0.00,40,5,1,0,0,10,21,0,2,37,.237,.326,.456,
James Paxton,572020,Total,BOS,21,363,0.00,77,17,1,0,0,11,46,0,1,60,.248,.343,.416,
Jay Jackson,543351,Total,MIN,20,64,0.00,13,4,0,0,0,2,5,0,0,16,.220,.281,.390,
Carson Spiers,686730,Total,CIN,22,202,0.00,53,9,0,0,0,10,12,0,3,43,.283,.337,.492,
Matt Bowman,621199,Total,BAL,24,78,0.00,11,6,0,0,0,3,7,0,1,17,.157,.244,.371,
Steven Cruz,674444,Total,KCR,4,10,0.00,1,0,0,0,0,0,0,0,0,2,.100,.100,.100,
Ben Joyce,690829,Total,LAA,29,73,0.00,16,1,0,0,0,0,7,0,3,14,.254,.356,.270,
Joey Lucchesi,664192,Total,NYM,2,32,0.00,5,2,0,0,0,0,7,0,0,5,.208,.387,.292,
Kaleb Ort,672391,Total,HOU,21,53,0.00,10,1,0,0,0,4,2,0,0,15,.196,.226,.451,
Joe La Sorsa,686747,Total,WSN,14,49,0.00,11,0,0,0,0,3,3,1,0,9,.250,.292,.455,
Seth Johnson,686751,Total,PHI,1,12,0.00,6,2,0,0,0,1,1,0,0,0,.545,.583,1.000,
Ben Casparius,676508,Total,LAD,3,15,0.00,5,2,0,0,0,0,1,0,0,4,.357,.400,.500,
Casey Kelly,543391,Total,CIN,2,13,0.00,5,1,0,0,0,1,1,0,0,1,.455,.462,.818,
Phil Maton,664208,Total,NYM,69,151,0.00,29,4,1,0,0,3,13,0,5,36,.220,.313,.333,
Sam Moll,594580,Total,CIN,44,89,0.00,18,3,1,0,0,2,11,2,1,18,.237,.337,.382,
Max Scherzer,453286,Total,TEX,9,93,0.00,21,4,0,0,0,5,1,0,0,26,.228,.237,.435,
Ryan Pepiot,686752,Total,TBR,25,221,0.00,44,7,0,0,0,7,13,0,2,56,.216,.267,.353,
Brent Honeywell,641703,Total,LAD,20,78,0.00,20,4,0,0,0,2,4,0,2,4,.282,.333,.423,
George Soriano,666277,Total,MIA,22,77,0.00,15,6,0,0,0,2,7,0,3,18,.227,.325,.409,
Edwin Díaz,621242,Total,NYM,49,106,0.00,16,2,0,0,0,2,3,0,2,42,.158,.198,.238,
José Berríos,621244,Total,TOR,31,367,0.00,88,12,0,0,0,13,18,1,6,68,.259,.307,.409,
Daulton Jefferies,641726,Total,PIT,6,42,0.00,14,6,0,0,0,2,1,0,1,5,.350,.381,.650,
Paul Skenes,694973,Total,PIT,23,251,0.00,50,6,0,0,0,6,10,0,3,84,.210,.251,.311,
Tyson Miller,668338,Total,CHC,57,159,0.00,25,5,0,0,0,4,8,0,3,37,.170,.226,.286,
Dakota Hudson,641712,Total,COL,18,213,0.00,49,12,0,0,0,2,22,0,4,27,.265,.354,.362,
José Alvarado,621237,Total,PHI,62,183,0.00,40,7,2,0,0,4,24,1,1,45,.255,.355,.401,
Calvin Faucher,676534,Total,MIA,52,134,0.00,29,7,1,0,0,0,9,0,3,34,.246,.311,.322,
Martín Pérez,527048,Total,SDP,26,462,0.00,118,26,0,0,0,18,41,0,3,84,.284,.351,.476,
Keider Montero,672456,Total,DET,19,201,0.00,52,9,0,0,0,10,15,0,1,36,.281,.338,.492,
Jose A. Ferrer,678606,Total,WSN,29,83,0.00,20,1,0,0,0,1,4,0,2,16,.260,.313,.312,
Jack Kochanowicz,686799,Total,LAA,11,110,0.00,26,2,0,0,0,5,6,1,1,14,.255,.303,.422,
Blake Walston,686796,Total,ARI,7,66,0.00,12,1,0,0,0,3,8,0,3,16,.218,.348,.400,
Julio Teheran,527054,Total,NYM,1,9,0.00,4,0,0,0,0,1,1,0,0,1,.500,.556,.875,
Joe Jiménez,641729,Total,ATL,68,149,0.00,25,6,0,0,0,0,13,0,1,45,.185,.262,.230,
Trevor McDonald,686790,Total,SFG,1,6,0.00,0,0,0,0,0,0,0,0,0,1,.000,.000,.000,
Tyler Kinley,641755,Total,COL,65,159,0.00,33,8,0,0,0,6,15,0,0,42,.234,.304,.418,
Ricky Vanasco,676568,Total,DET,4,9,0.00,2,1,0,0,0,0,0,0,0,1,.222,.222,.333,
Framber Valdez,664285,Total,HOU,28,589,0.00,113,16,1,0,0,11,50,0,4,135,.214,.284,.311,
Brad Keller,641745,Total,BOS,16,113,0.00,30,9,0,0,0,6,8,0,2,21,.291,.354,.553,
Merrill Kelly,518876,Total,ARI,13,140,0.00,34,10,0,0,0,5,3,0,1,40,.250,.271,.434,
Jacob Barnes,606930,Total,WSN,60,190,0.00,47,8,1,0,0,5,9,1,0,42,.264,.295,.404,
Bryce Jarvis,686826,Total,ARI,44,161,0.00,32,5,0,0,0,5,17,1,4,27,.232,.329,.377,
Craig Kimbrel,518886,Total,BAL,54,114,0.00,21,5,1,0,0,1,14,0,3,34,.221,.333,.326,
Cristian Javier,664299,Total,HOU,7,76,0.00,11,3,1,0,0,1,8,0,0,17,.164,.250,.284,
Chad Kuhl,641771,Total,CWS,31,118,0.00,24,4,0,0,0,2,14,0,2,29,.238,.342,.337,
Josiah Gray,680686,Total,WSN,2,21,0.00,5,2,0,0,0,0,3,0,0,5,.294,.381,.412,
Ben Heller,621294,Total,PIT,8,42,0.00,14,1,1,0,0,1,3,0,4,9,.400,.500,.571,
Andrés Muñoz,662253,Total,SEA,59,123,0.00,17,3,0,0,0,2,9,1,2,41,.153,.228,.234,
Burch Smith,572143,Total,BAL,50,151,0.00,37,6,0,0,0,4,7,0,2,29,.270,.311,.401,
Clayton Beeter,690925,Total,NYY,3,8,0.00,2,0,0,0,0,0,0,0,0,4,.250,.250,.250,
Cole Winn,668390,Total,TEX,13,51,0.00,12,2,0,0,0,2,2,0,2,12,.255,.314,.426,
Richard Fitts,690916,Total,BOS,4,45,0.00,12,2,0,0,0,0,3,0,0,4,.286,.333,.333,
Josh Hader,623352,Total,HOU,70,224,0.00,37,4,0,0,0,12,20,0,1,83,.182,.259,.379,
James Meeker,703231,Total,MIL,1,2,0.00,0,0,0,0,0,0,1,0,0,0,.000,.500,.000,
Tyler Zuber,676604,Total,TBR,2,8,0.00,0,0,0,0,0,0,2,0,0,2,.000,.250,.000,
Lyon Richardson,680689,Total,CIN,1,4,0.00,1,0,0,0,0,0,1,0,0,1,.333,.500,.333,
Jordan Lyles,543475,Total,KCR,5,10,0.00,1,1,0,0,0,0,0,0,0,1,.100,.100,.200,
Chris Devenski,606965,Total,TBR,18,61,0.00,16,2,1,0,0,6,10,0,0,13,.314,.426,.745,
Kyle Bradish,680694,Total,BAL,8,86,0.00,15,5,1,0,0,0,9,0,0,27,.197,.282,.289,
Josh Fleming,676596,Total,PIT,23,89,0.00,18,3,0,0,0,1,8,0,0,8,.222,.292,.296,
Riley O'Brien,676617,Total,STL,8,26,0.00,7,1,0,0,0,1,4,0,0,7,.333,.423,.524,
Zack Littell,641793,Total,TBR,29,294,0.00,75,9,1,0,0,10,11,0,5,68,.271,.311,.419,
Nick Sandlin,680704,Total,CLE,66,143,0.00,26,4,0,0,0,8,20,1,4,39,.226,.355,.470,
Bryan Sammons,676614,Total,DET,6,67,0.00,11,1,0,0,0,4,6,0,1,14,.183,.269,.400,
Mitchell Parker,680730,Total,WSN,29,490,0.00,112,24,1,0,0,17,36,0,2,92,.251,.307,.424,
Tyler Mahle,641816,Total,TEX,3,29,0.00,7,1,1,0,0,1,2,0,1,2,.269,.345,.500,
Sixto Sánchez,664350,Total,MIA,14,81,0.00,24,6,0,0,0,1,3,0,1,11,.320,.354,.440,
Luis Contreras,664351,Total,HOU,5,18,0.00,5,2,0,0,0,0,1,0,0,5,.294,.333,.412,
Sean Burke,680732,Total,CWS,4,26,0.00,4,2,0,0,0,1,0,0,0,10,.154,.154,.346,
Scott McGough,543518,Total,ARI,26,93,0.00,23,7,2,0,0,6,8,0,1,15,.284,.344,.642,
James McCann,543510,Total,BAL,1,3,0.00,1,0,0,0,0,0,0,0,0,0,.333,.333,.333,
Robbie Ray,592662,Total,SFG,7,104,0.00,13,3,0,0,0,4,12,0,6,37,.153,.298,.329,
Kyle Harrison,690986,Total,SFG,24,424,0.00,100,22,0,0,0,15,36,0,2,89,.263,.326,.439,
Jack O'Loughlin,672552,Total,OAK,4,32,0.00,8,2,0,0,0,1,4,0,0,3,.286,.375,.464,
Tim Mayza,641835,Total,NYY,46,101,0.00,33,9,2,0,0,4,8,2,1,18,.371,.416,.652,
Ty Madden,680744,Total,DET,6,50,0.00,10,2,0,0,0,0,3,0,1,6,.222,.280,.267,
Zebby Matthews,805673,Total,MIN,9,75,0.00,22,5,0,0,0,3,2,0,1,20,.306,.333,.500,
A.J. Minter,621345,Total,ATL,38,88,0.00,14,1,0,0,0,3,10,1,1,22,.184,.287,.316,
Josh Winder,680739,Total,MIN,4,20,0.00,5,1,0,0,0,0,0,0,1,5,.294,.300,.353,
Justin Wrobleski,680736,Total,LAD,8,108,0.00,23,5,0,0,0,8,12,0,0,19,.240,.324,.542,
Jonathan Bowlan,680742,Total,KCR,1,12,0.00,6,0,0,0,0,3,2,0,0,2,.600,.667,1.500,
Ronny Henriquez,678692,Total,MIN,13,45,0.00,9,1,0,0,0,0,2,0,2,8,.220,.289,.244,
Rhett Lowder,695076,Total,CIN,6,68,0.00,16,1,0,0,0,0,3,0,0,11,.246,.279,.262,
Dan Altavilla,656186,Total,KCR,5,11,0.00,4,1,0,0,0,1,2,0,1,4,.500,.636,1.000,
JP Sears,676664,Total,OAK,32,606,0.00,141,34,1,0,0,23,44,0,11,104,.259,.325,.452,
Nick Pratto,668472,Total,KCR,1,2,0.00,1,0,0,0,0,0,0,0,0,1,.500,.500,.500,
Victor Vodnik,680767,Total,COL,62,181,0.00,44,2,3,0,0,5,15,0,1,45,.268,.333,.409,
Colin Poche,621363,Total,TBR,39,96,0.00,17,2,0,0,0,4,6,2,0,19,.193,.240,.352,
Ryan Borucki,621366,Total,PIT,14,30,0.00,10,2,0,0,0,2,2,0,0,6,.357,.400,.643,
Max Lazar,676661,Total,PHI,11,33,0.00,6,2,0,0,0,2,1,0,0,5,.188,.212,.438,
Nick Anderson,623433,Total,KCR,33,77,0.00,24,7,0,0,0,5,7,1,1,14,.348,.416,.667,
Tom Cosgrove,676680,Total,SDP,17,40,0.00,16,2,0,0,0,1,4,0,1,7,.457,.525,.600,
Justin Topa,623437,Total,MIN,2,3,0.00,0,0,0,0,0,0,0,0,0,1,.000,.000,.000,
Ty Blach,621389,Total,COL,20,242,0.00,80,15,1,0,0,14,16,0,5,27,.367,.419,.638,
Will Vest,676684,Total,DET,67,173,0.00,41,8,1,0,0,2,4,0,2,42,.250,.273,.348,
Carlos Hernández,672578,Total,KCR,26,68,0.00,11,3,0,0,0,0,9,0,0,15,.193,.294,.246,
Matt Strahm,621381,Total,PHI,65,159,0.00,19,10,0,0,0,2,10,1,3,58,.133,.201,.245,
Angel Zerpa,672582,Total,KCR,54,140,0.00,34,3,1,0,0,6,14,2,0,26,.270,.343,.452,
Tanner Banks,621383,Total,PHI,62,190,0.00,43,7,0,0,0,4,19,2,2,41,.261,.339,.376,
Abner Uribe,682842,Total,MIL,14,43,0.00,11,1,1,0,0,1,6,1,0,11,.297,.395,.459,
Jackson Stephens,623451,Total,ATL,3,8,0.00,2,0,0,0,0,0,0,0,1,0,.286,.375,.286,
Colin Rea,607067,Total,MIL,32,360,0.00,85,17,0,0,0,13,20,1,8,72,.258,.315,.429,
Jalen Beeks,656222,Total,PIT,69,204,0.00,58,7,0,0,0,5,17,2,2,31,.319,.379,.440,
Hunter Stratton,676702,Total,PIT,35,90,0.00,16,2,0,0,0,2,4,0,1,20,.190,.236,.286,
Luis Ortiz,682847,Total,PIT,37,293,0.00,60,12,2,0,0,4,18,0,7,58,.225,.290,.330,
Kenley Jansen,445276,Total,BOS,53,115,0.00,17,5,0,0,0,2,10,0,1,33,.167,.243,.275,
José Leclerc,600917,Total,TEX,63,182,0.00,31,7,0,0,0,5,14,1,3,66,.193,.267,.329,
Brady Feigl,621399,Total,PIT,1,6,0.00,5,1,0,0,0,1,0,0,0,0,.833,.833,1.500,
Brandon Hughes,676714,Total,ARI,14,54,0.00,19,5,0,0,0,8,9,0,1,9,.442,.537,1.116,
Carlos Carrasco,471911,Total,CLE,21,218,0.00,57,14,2,0,0,10,10,0,5,40,.285,.332,.525,
Jake Bird,656234,Total,COL,35,104,0.00,22,5,0,0,0,1,16,0,2,17,.259,.388,.353,
Evan Phillips,623465,Total,LAD,59,130,0.00,26,6,0,0,0,2,9,0,0,42,.217,.269,.317,
Brandon Bielak,656232,Total,OAK,16,80,0.00,23,6,1,0,0,4,8,0,1,11,.324,.400,.606,
T.J. McFarland,519008,Total,OAK,57,118,0.00,27,5,0,0,0,3,14,5,2,14,.273,.364,.414,
Chase Anderson,502624,Total,TEX,29,130,0.00,28,8,0,0,0,7,8,0,2,23,.235,.292,.479,
Jacob deGrom,594798,Total,TEX,3,26,0.00,9,2,0,0,0,0,0,0,0,8,.346,.346,.423,
Carlos Rodón,607074,Total,NYY,32,601,0.00,129,27,3,0,0,28,47,0,10,157,.238,.309,.454,
Kutter Crawford,676710,Total,BOS,33,365,0.00,81,20,2,0,0,14,24,0,3,84,.240,.296,.436,
Chasen Shreve,592741,Total,COL,1,2,0.00,0,0,0,0,0,0,0,0,0,0,.000,.000,.000,
Landon Knack,689017,Total,LAD,15,136,0.00,29,4,0,0,0,8,8,0,1,32,.230,.279,.452,
Drew Smyly,592767,Total,CHC,50,143,0.00,31,6,0,0,0,7,16,3,0,34,.250,.333,.468,
Louis Varland,686973,Total,MIN,15,115,0.00,31,4,0,0,0,6,10,1,2,23,.310,.377,.530,
Scott Blewett,656240,Total,MIN,12,51,0.00,9,3,0,0,0,0,3,0,1,9,.191,.255,.255,
Jimmy Herget,623474,Total,ATL,8,31,0.00,10,2,0,0,0,1,2,0,0,11,.345,.387,.517,
J.B. Bukauskas,656266,Total,MIL,6,14,0.00,1,0,0,0,0,0,1,0,0,4,.077,.143,.077,
Brock Stewart,592779,Total,MIN,16,38,0.00,7,1,0,0,0,2,6,0,0,14,.219,.342,.438,
Matt Moore,519043,Total,LAA,51,134,0.00,27,5,0,0,0,6,19,2,2,27,.245,.366,.455,
Brock Burke,656271,Total,LAA,33,91,0.00,19,7,1,0,0,0,9,2,0,28,.235,.308,.346,
Ryne Stanek,592773,Total,NYM,56,126,0.00,25,4,1,0,0,5,11,1,2,34,.221,.302,.407,
Bailey Ober,641927,Total,MIN,31,383,0.00,78,15,4,0,0,15,28,0,3,104,.223,.285,.418,
Ron Marinaccio,676760,Total,NYY,16,45,0.00,11,2,0,0,0,2,5,0,2,10,.314,.409,.543,
Thyago Vieira,600986,Total,ARI,27,102,0.00,25,3,1,0,0,5,14,0,1,23,.294,.392,.529,
Isaac Mattson,676755,Total,PIT,3,13,0.00,1,0,0,0,0,0,4,0,1,2,.125,.462,.125,
Joely Rodríguez,570257,Total,BOS,13,33,0.00,10,2,0,0,0,3,1,0,0,7,.323,.333,.677,
Marco Gonzales,594835,Total,PIT,7,112,0.00,32,8,0,0,0,2,8,0,0,16,.311,.357,.447,
Justin Sterner,686993,Total,TBR,2,9,0.00,3,1,0,0,0,0,0,0,0,2,.375,.333,.500,
Emilio Pagán,641941,Total,CIN,36,95,0.00,26,4,0,0,0,0,3,0,0,26,.289,.305,.333,
Jameson Taillon,592791,Total,CHC,28,323,0.00,71,8,1,0,0,8,10,0,1,62,.232,.255,.343,
Dylan Cease,656302,Total,SDP,33,389,0.00,66,14,1,0,0,7,32,0,1,127,.189,.257,.295,
David Bote,623520,Total,CHC,1,2,0.00,0,0,0,0,0,0,1,0,0,0,.000,.500,.000,
Griffin Canning,656288,Total,LAA,32,353,0.00,82,10,1,0,0,15,24,0,5,64,.258,.314,.437,
Nick Avila,687014,Total,SFG,8,29,0.00,10,4,1,0,0,2,3,0,0,5,.400,.448,.880,
Keaton Winn,676775,Total,SFG,12,127,0.00,33,5,3,0,0,5,9,0,4,22,.295,.365,.527,
Luis Peralta,678821,Total,COL,14,23,0.00,2,0,0,0,0,0,2,0,1,7,.100,.217,.100,
Jack Neely,680891,Total,CHC,6,17,0.00,3,0,0,0,0,1,1,0,0,5,.188,.235,.375,
Jake Bloss,814005,Total,HOU,3,24,0.00,5,0,0,0,0,3,1,0,0,7,.227,.261,.636,
Grant Holman,680880,Total,OAK,18,41,0.00,9,1,0,0,0,1,5,0,1,7,.257,.366,.371,
Spencer Schwellenbach,680885,Total,ATL,21,246,0.00,47,11,1,0,0,7,7,0,4,72,.200,.236,.345,
Erasmo Ramírez,541640,Total,TBR,13,45,0.00,6,0,0,0,0,3,4,0,1,10,.150,.244,.375,
Mason Miller,695243,Total,OAK,53,137,0.00,21,3,0,0,0,3,12,1,1,53,.172,.248,.270,
Jordan Weems,607179,Total,WSN,41,118,0.00,22,3,1,0,0,5,15,0,1,24,.216,.322,.412,
Scott Barlow,605130,Total,CLE,60,138,0.00,30,8,0,0,0,4,17,1,1,36,.252,.348,.420,
Owen Miller,680911,Total,MIL,1,5,0.00,3,0,0,0,0,1,1,0,0,0,.750,.800,1.500,
Chris Bassitt,605135,Total,TOR,31,372,0.00,78,13,0,0,0,4,26,1,11,92,.234,.310,.309,
Justin Anderson,605121,Total,CWS,56,148,0.00,26,6,0,0,0,2,20,0,1,42,.205,.318,.299,
Nick Nastrini,680897,Total,CWS,9,89,0.00,17,1,0,0,0,5,9,0,1,18,.215,.303,.418,
Roansy Contreras,672710,Total,LAA,46,175,0.00,39,11,0,0,0,6,16,1,4,38,.255,.339,.444,
Taijuan Walker,592836,Total,PHI,19,195,0.00,59,12,0,0,0,14,17,0,3,31,.337,.405,.646,
Tyler Glasnow,607192,Total,LAD,22,272,0.00,47,15,1,0,0,7,16,0,0,86,.184,.232,.333,
Ben Lively,594902,Total,CLE,29,328,0.00,77,16,2,0,0,10,18,0,4,60,.252,.302,.415,
Reynaldo López,625643,Total,ATL,26,249,0.00,47,14,0,0,0,3,8,0,2,71,.199,.229,.297,
Quinn Priester,682990,Total,BOS,11,112,0.00,25,4,0,0,0,3,2,0,2,24,.231,.259,.352,
Josh Rogers,642028,Total,COL,5,27,0.00,9,2,0,0,0,1,2,1,2,0,.391,.481,.609,
Victor Mederos,682989,Total,LAA,4,13,0.00,5,2,0,0,0,1,3,0,0,3,.500,.615,1.000,
Patrick Wisdom,621550,Total,CHC,1,2,0.00,1,0,0,0,0,0,1,0,0,0,1.000,1.000,1.000,
Austin Davis,656354,Total,SDP,7,21,0.00,5,2,0,0,0,0,3,0,1,5,.294,.429,.412,
Ryan Pressly,519151,Total,HOU,57,124,0.00,31,10,0,0,0,3,8,0,1,27,.277,.328,.446,
Erick Fedde,607200,Total,STL,31,354,0.00,79,14,2,0,0,7,18,0,5,79,.242,.288,.362,
Daniel Robert,642016,Total,TEX,4,14,0.00,4,0,0,0,0,1,1,0,0,4,.308,.357,.538,
Colten Brewer,605155,Total,CHC,16,50,0.00,16,4,1,0,0,1,5,0,0,7,.372,.420,.581,
John Brebbia,605154,Total,ATL,54,130,0.00,33,6,0,0,0,3,7,0,1,36,.270,.315,.393,
Tucker Davidson,656353,Total,BAL,1,17,0.00,4,0,0,0,0,0,1,0,0,1,.250,.294,.250,
Trevor Williams,592866,Total,WSN,13,124,0.00,23,1,0,0,0,3,7,0,0,28,.200,.242,.287,
Aaron Brooks,605156,Total,OAK,5,72,0.00,19,1,0,0,0,2,4,0,0,9,.292,.319,.400,
Yosver Zulueta,691172,Total,CIN,12,43,0.00,7,2,0,0,0,1,5,0,1,12,.189,.302,.324,
Kai-Wei Teng,678906,Total,SFG,4,35,0.00,11,1,0,0,0,2,6,0,1,4,.393,.514,.643,
Andrew Chafin,605177,Total,TEX,60,144,0.00,28,2,0,0,0,3,18,3,1,38,.228,.326,.317,
Jared Jones,683003,Total,PIT,22,251,0.00,54,13,1,0,0,10,16,0,3,57,.236,.291,.432,
Gregory Santos,666619,Total,SEA,8,17,0.00,2,0,0,0,0,0,0,0,1,2,.125,.176,.125,
Orion Kerkering,689147,Total,PHI,62,145,0.00,28,8,0,0,0,0,6,0,4,40,.209,.262,.269,
Jack Leiter,683004,Total,TEX,9,87,0.00,24,6,0,0,0,4,7,0,2,18,.324,.388,.568,
Mike Clevinger,605182,Total,CWS,4,34,0.00,11,2,1,0,0,2,7,1,0,7,.407,.529,.778,
Joe Kelly,523260,Total,LAD,34,71,0.00,16,1,0,0,0,3,5,0,2,14,.254,.324,.413,
Miguel Rojas,500743,Total,LAD,1,3,0.00,1,0,0,0,0,0,0,0,0,0,.333,.333,.333,
Yoendrys Gómez,672782,Total,NYY,5,36,0.00,11,3,0,0,0,2,5,0,1,5,.379,.472,.690,
Aaron Ashby,676879,Total,MIL,14,81,0.00,15,5,0,0,0,1,6,0,0,18,.205,.263,.315,
Michael Stefanic,683021,Total,LAA,1,3,0.00,0,0,0,0,0,0,0,0,1,0,.000,.333,.000,
Lucas Erceg,668674,Total,KCR,58,132,0.00,26,6,0,0,0,1,5,0,3,35,.210,.258,.282,
Tayler Saucedo,642048,Total,SEA,47,87,0.00,21,2,1,0,0,2,10,3,1,18,.276,.368,.408,
Amir Garrett,607237,Total,LAA,6,15,0.00,2,1,0,0,0,0,4,0,0,6,.182,.400,.273,
Zac Gallen,668678,Total,ARI,27,318,0.00,72,17,0,0,0,6,29,0,1,79,.252,.321,.374,
Zach Plesac,668676,Total,LAA,3,26,0.00,4,2,0,0,0,0,4,0,0,4,.182,.308,.273,
Nick Martinez,607259,Total,CIN,42,306,0.00,67,21,0,0,0,7,11,0,2,60,.230,.261,.375,
Bradley Blalock,687134,Total,COL,7,60,0.00,13,3,0,0,0,1,8,0,1,8,.255,.367,.373,
Alex Faedo,656412,Total,DET,37,127,0.00,30,5,0,0,0,6,16,0,3,30,.286,.392,.505,
Bryan Shaw,543766,Total,CWS,5,12,0.00,3,1,0,0,0,0,1,0,0,3,.273,.333,.364,
Jack Flaherty,656427,Total,LAD,28,297,0.00,64,11,2,0,0,14,19,0,3,94,.233,.290,.440,
Evan Justice,687145,Total,COL,1,1,0.00,0,0,0,0,0,0,0,0,0,1,.000,.000,.000,
Darren McCaughan,670766,Total,MIA,12,104,0.00,28,3,1,0,0,5,10,0,6,14,.326,.423,.558,
Carl Edwards Jr.,605218,Total,SDP,1,2,0.00,0,0,0,0,0,0,2,0,0,0,.000,1.000,.000,
Jose Quintana,500779,Total,NYM,31,558,0.00,113,22,1,0,0,16,54,0,10,106,.231,.318,.378,
J.P. Feyereisen,656420,Total,LAD,9,27,0.00,5,1,0,0,0,2,2,0,1,5,.208,.296,.500,
Dominic Smith,642086,Total,BOS,3,8,0.00,1,1,0,0,0,0,1,0,0,0,.143,.250,.286,
Austin Kitchen,685116,Total,MIA,4,20,0.00,8,2,0,0,0,1,2,0,0,2,.471,.526,.765,
Zach Penrod,683068,Total,BOS,6,10,0.00,3,1,0,0,0,0,2,0,1,0,.429,.600,.571,
Anthony Veneziano,685107,Total,MIA,12,33,0.00,11,2,1,0,0,0,1,0,1,8,.367,.394,.500,
Gabe Speier,642100,Total,SEA,29,52,0.00,12,3,0,0,0,1,7,1,1,14,.286,.385,.429,
Cole Sulser,642121,Total,TBR,10,31,0.00,7,1,1,0,0,0,5,0,0,6,.292,.400,.417,
Lucas Gilbreath,656458,Total,COL,3,5,0.00,3,1,0,0,0,1,0,0,0,0,.600,.600,1.400,
Christian Scott,681035,Total,NYM,9,100,0.00,15,1,1,0,0,3,7,0,1,22,.167,.232,.300,
Tyler Gilbert,656457,Total,PHI,6,25,0.00,6,1,0,0,0,1,2,0,1,3,.273,.360,.455,
Beau Brieske,689225,Total,DET,43,138,0.00,29,8,0,0,0,3,11,0,2,34,.238,.307,.377,
Kyle Nicolas,693312,Total,PIT,51,146,0.00,36,3,0,0,0,2,16,0,0,36,.281,.356,.352,
Brandon Eisert,685126,Total,TOR,3,15,0.00,3,1,0,0,0,0,3,0,0,1,.250,.400,.333,
Chris Sale,519242,Total,ATL,29,591,0.00,121,28,3,0,0,7,34,0,7,185,.221,.275,.321,
Blake Treinen,595014,Total,LAD,49,102,0.00,16,2,0,0,0,2,9,0,0,24,.174,.245,.261,
Logan Gillaspie,670810,Total,SDP,9,27,0.00,8,1,0,0,0,1,0,0,1,4,.320,.333,.480,
Prelander Berroa,672860,Total,CWS,16,45,0.00,10,3,0,0,0,2,7,0,0,14,.263,.378,.500,
Joan Adon,672851,Total,WSN,8,27,0.00,5,0,0,0,0,2,2,0,1,6,.208,.296,.458,
Kevin Ginkel,656464,Total,ARI,70,166,0.00,39,10,0,0,0,3,7,0,3,39,.253,.297,.377,
Rowdy Tellez,642133,Total,PIT,3,8,0.00,2,0,0,0,0,0,0,0,2,0,.400,.500,.400,
Ky Bush,681066,Total,CWS,4,65,0.00,13,3,0,0,0,2,13,1,1,10,.260,.415,.440,
Adrian Houser,605288,Total,NYM,23,154,0.00,37,11,0,0,0,3,14,0,2,26,.270,.344,.416,
Brett de Geus,676969,Total,TOR,12,29,0.00,9,4,0,0,0,0,1,0,1,1,.346,.393,.500,
Max Meyer,676974,Total,MIA,11,123,0.00,32,8,1,0,0,7,7,0,3,22,.283,.341,.558,
Ben Brown,676962,Total,CHC,15,104,0.00,17,5,0,0,0,2,6,0,0,31,.181,.223,.298,
Clay Holmes,605280,Total,NYY,64,136,0.00,29,9,0,0,0,2,10,0,2,43,.238,.301,.361,
Yerry Rodríguez,666720,Total,TOR,16,54,0.00,14,4,0,0,0,3,6,0,2,9,.304,.407,.587,
Jhonathan Díaz,646242,Total,SEA,4,28,0.00,9,1,0,0,0,2,3,0,0,3,.360,.429,.640,
Caleb Boushley,676961,Total,MIN,2,12,0.00,1,0,0,0,0,0,1,0,0,0,.091,.167,.091,
Will Warren,701542,Total,NYY,6,57,0.00,18,7,0,0,0,3,2,0,1,20,.333,.368,.630,
Enoli Paredes,660600,Total,CHC,18,46,0.00,6,1,0,0,0,0,6,0,2,8,.158,.304,.184,
Jhony Brito,666745,Total,SDP,26,103,0.00,35,2,0,0,0,1,4,0,0,11,.357,.379,.408,
Dylan Dodd,689266,Total,ATL,1,8,0.00,4,1,0,0,0,0,1,0,0,1,.571,.625,.714,
Garrett Crochet,676979,Total,CWS,31,494,0.00,100,23,0,0,0,17,25,0,5,167,.216,.263,.377,
Will Smith,519293,Total,KCR,41,114,0.00,29,7,0,0,0,5,13,2,2,13,.299,.393,.526,
Michael Tonkin,543859,Total,MIN,56,217,0.00,44,7,1,0,0,3,17,0,8,59,.232,.318,.326,
David Festa,701581,Total,MIN,14,143,0.00,34,9,1,0,0,5,10,0,1,39,.260,.315,.458,
Andrew Knizner,668800,Total,TEX,2,8,0.00,1,1,0,0,0,0,1,0,0,0,.167,.250,.333,
Sean Guenther,674944,Total,DET,16,39,0.00,5,2,0,0,0,0,2,0,0,7,.135,.179,.189,
Aroldis Chapman,547973,Total,PIT,68,191,0.00,32,9,1,0,0,4,25,0,0,77,.194,.298,.333,
Devin Williams,642207,Total,MIL,21,46,0.00,6,4,0,0,0,0,5,0,1,23,.150,.261,.250,
Josh Walker,677020,Total,NYM,9,32,0.00,8,2,0,0,0,0,4,0,0,7,.308,.375,.385,
Austin Adams,613534,Total,OAK,54,118,0.00,25,6,0,0,0,0,14,0,6,35,.258,.381,.320,
Joey Estes,683155,Total,OAK,25,291,0.00,75,19,1,0,0,12,9,0,8,51,.277,.316,.487,
Hunter Strickland,519326,Total,LAA,70,188,0.00,37,8,1,0,0,7,10,1,1,40,.210,.255,.386,
Sam Hentges,656529,Total,CLE,25,61,0.00,11,3,0,0,0,2,4,0,0,16,.193,.246,.351,
Guillo Zuñiga,670871,Total,LAA,15,41,0.00,8,1,0,0,0,1,3,0,1,8,.222,.293,.333,
Brandon Leibrandt,605335,Total,CIN,2,22,0.00,6,0,0,0,0,1,1,0,0,4,.286,.318,.429,
Allan Winans,642216,Total,ATL,2,20,0.00,6,3,1,0,0,0,3,0,0,2,.353,.450,.647,
Alexis Díaz,664747,Total,CIN,58,128,0.00,24,5,0,0,0,2,10,0,4,28,.211,.297,.307,
Tanner Houck,656557,Total,BOS,30,347,0.00,80,12,0,0,0,6,18,0,8,82,.249,.305,.343,
Jeff Hoffman,656546,Total,PHI,66,153,0.00,24,3,0,0,0,2,11,0,2,49,.173,.242,.237,
Jorge López,605347,Total,CHC,51,130,0.00,26,5,0,0,0,1,12,0,1,26,.222,.300,.291,
Grant Holmes,656550,Total,ATL,26,155,0.00,34,3,0,0,0,7,9,2,0,42,.236,.277,.403,
Weston Wilson,642215,Total,PHI,1,2,0.00,0,0,0,0,0,0,0,0,0,0,.000,.000,.000,
Vidal Bruján,660644,Total,MIA,2,5,0.00,3,0,0,0,0,1,0,0,0,1,.600,.600,1.200,
Ryan Yarbrough,642232,Total,TOR,44,253,0.00,54,10,0,0,0,7,25,3,10,32,.251,.353,.395,
Camilo Doval,666808,Total,SFG,59,137,0.00,24,7,2,0,0,2,16,0,1,40,.205,.301,.350,
Bryan Woo,693433,Total,SEA,22,223,0.00,43,7,0,0,0,6,5,0,2,49,.200,.224,.316,
Rob Zastryzny,642239,Total,MIL,8,15,0.00,3,1,0,0,0,0,0,0,0,3,.214,.214,.286,
Andrew Nardi,677053,Total,MIA,56,133,0.00,31,8,2,0,0,5,14,1,1,38,.267,.348,.500,
Blair Henley,668874,Total,HOU,1,4,0.00,2,0,0,0,0,0,1,0,0,0,.667,.750,.667,
Grant Hartwig,701643,Total,NYM,4,17,0.00,4,0,0,0,0,1,2,0,1,2,.286,.412,.500,
Jake Cousins,664776,Total,NYY,37,107,0.00,15,1,0,0,0,5,11,0,4,37,.163,.280,.337,
Caleb Kilian,668873,Total,CHC,2,29,0.00,6,1,0,0,0,1,4,0,0,5,.250,.357,.417,
Luis Frías,666818,Total,TOR,11,32,0.00,9,1,0,0,0,0,4,0,0,9,.321,.406,.357,
Zack Thompson,668868,Total,STL,5,58,0.00,17,3,0,0,0,5,8,0,1,17,.347,.448,.714,
Aaron Nola,605400,Total,PHI,33,401,0.00,98,20,1,0,0,12,20,0,2,109,.259,.299,.412,
Pedro Avila,658648,Total,CLE,51,219,0.00,52,11,1,0,0,7,19,1,4,51,.269,.344,.446,
Anthony Banda,607455,Total,LAD,44,122,0.00,27,0,1,0,0,5,13,6,0,26,.252,.328,.411,
Mitch Keller,656605,Total,PIT,31,373,0.00,83,17,4,0,0,7,27,0,9,70,.254,.322,.394,
Hunter Greene,668881,Total,CIN,26,311,0.00,52,9,2,0,0,6,27,0,8,75,.190,.281,.304,
Joe Musgrove,605397,Total,SDP,19,233,0.00,58,13,0,0,0,11,11,0,7,57,.270,.326,.484,
Clayton Andrews,677076,Total,NYY,1,2,0.00,0,0,0,0,0,0,0,0,1,1,.000,.500,.000,
Edwin Uceta,670955,Total,TBR,29,86,0.00,11,2,0,0,0,1,5,0,1,35,.139,.200,.203,
Gavin Williams,668909,Total,CLE,16,158,0.00,39,9,2,0,0,4,15,0,1,35,.275,.348,.451,
Kevin Kelly,687330,Total,TBR,67,171,0.00,37,5,1,0,0,4,6,1,3,42,.231,.272,.350,
Nick Mears,683232,Total,MIL,51,139,0.00,30,11,0,0,0,4,14,0,0,42,.246,.317,.434,
Randy Vásquez,681190,Total,SDP,20,233,0.00,54,12,1,0,0,7,14,0,3,46,.254,.307,.418,
Trevor Richards,670950,Total,MIN,52,160,0.00,27,3,0,0,0,6,21,0,0,40,.200,.302,.356,
Adrian Morejon,670970,Total,SDP,58,163,0.00,38,11,1,0,0,3,13,2,1,42,.257,.321,.405,
Willi Castro,650489,Total,MIN,1,1,0.00,0,0,0,0,0,0,0,0,0,0,.000,.000,.000,
Aaron Bummer,607481,Total,ATL,53,157,0.00,40,7,1,0,0,0,12,2,1,42,.284,.338,.348,
Alex Lange,656638,Total,DET,20,54,0.00,9,1,0,0,0,0,8,0,2,13,.214,.365,.238,
Jackson Jobe,695549,Total,DET,2,11,0.00,0,0,0,0,0,0,1,0,0,2,.000,.100,.000,
Tanner Gordon,685299,Total,COL,8,81,0.00,29,5,1,0,0,6,2,0,2,17,.377,.407,.701,
Cristian Mena,691441,Total,ARI,1,9,0.00,2,0,0,0,0,1,2,0,0,1,.286,.444,.714,
Walter Pennington,679156,Total,TEX,16,43,0.00,9,2,0,0,0,0,5,0,1,7,.243,.349,.297,
Michael Kopech,656629,Total,LAD,63,138,0.00,26,2,0,0,0,5,16,0,3,33,.224,.328,.371,
José Ureña,570632,Total,TEX,33,258,0.00,63,12,0,0,0,7,18,0,2,37,.266,.322,.405,
Josh Rojas,668942,Total,SEA,2,5,0.00,1,0,0,0,0,1,2,0,0,0,.333,.600,1.333,
Yohan Ramírez,670990,Total,BOS,38,131,0.00,33,6,0,0,0,4,10,0,9,24,.303,.400,.468,
Joe Ross,605452,Total,MIL,25,171,0.00,39,5,0,0,0,3,15,0,1,38,.253,.322,.344,
Ryan Miller,668943,Total,LAA,12,30,0.00,6,2,0,0,0,0,3,0,0,4,.222,.300,.296,
JoJo Romero,668941,Total,STL,64,165,0.00,39,9,0,0,0,7,11,0,4,26,.264,.329,.466,
Andrew Saalfrank,685314,Total,ARI,2,4,0.00,1,1,0,0,0,0,2,1,0,0,.500,.750,1.000,
Connor Gillispie,687362,Total,CLE,3,13,0.00,2,2,0,0,0,0,2,0,0,3,.182,.308,.364,
Jacob Latz,656641,Total,TEX,43,109,0.00,22,1,0,0,0,5,15,2,1,21,.237,.349,.409,
Chase Silseth,681217,Total,LAA,2,10,0.00,3,0,0,0,0,1,0,0,0,5,.300,.300,.600,
Jordan Romano,605447,Total,TOR,15,30,0.00,9,0,0,0,0,2,2,0,1,4,.333,.400,.556,
Yonny Chirinos,630023,Total,MIA,6,77,0.00,22,3,1,0,0,3,6,0,3,17,.324,.403,.529,
Graham Ashcraft,668933,Total,CIN,15,188,0.00,46,11,0,0,0,4,13,0,6,33,.272,.346,.408,
José Suarez,660761,Total,LAA,22,157,0.00,38,14,2,0,0,5,17,0,3,35,.279,.369,.522,
Josh Maciejewski,656671,Total,NYY,4,20,0.00,3,1,0,0,0,1,2,0,0,4,.167,.250,.389,
Cal Quantrill,615698,Total,COL,29,330,0.00,81,8,2,0,0,14,27,0,9,55,.278,.356,.464,
Zach Logue,656657,Total,LAD,2,10,0.00,5,0,0,0,0,1,0,0,0,3,.500,.500,.800,
Orlando Ribalta,687377,Total,WSN,4,12,0.00,5,2,0,0,0,0,1,0,1,3,.500,.583,.700,
Danny Young,664849,Total,NYM,37,98,0.00,17,5,0,0,0,3,10,1,7,26,.213,.351,.388,
Ryan Helsley,664854,Total,STL,60,143,0.00,25,3,0,0,0,1,12,1,0,42,.194,.259,.240,
Tayler Scott,605463,Total,HOU,57,138,0.00,23,3,0,0,0,2,15,1,1,42,.189,.283,.262,
Gavin Hollowell,668970,Total,CHC,1,3,0.00,1,0,0,0,0,0,0,0,0,0,.500,.500,.500,
Justin Lawrence,664875,Total,COL,55,164,0.00,42,6,1,0,0,4,17,0,3,34,.304,.383,.449,
Blake Snell,605483,Total,SFG,20,351,0.00,59,12,1,0,0,4,34,0,1,118,.187,.268,.269,
Hans Crouse,668968,Total,LAA,25,62,0.00,9,4,0,0,0,2,6,0,2,22,.167,.274,.352,
Zack Kelly,677161,Total,BOS,46,134,0.00,22,5,0,0,0,3,12,0,1,35,.182,.261,.298,
Hayden Birdsong,806185,Total,SFG,16,129,0.00,24,6,0,0,0,7,15,0,1,40,.214,.313,.455,
Brent Headrick,687396,Total,MIN,1,7,0.00,0,0,0,0,0,0,1,0,0,5,.000,.143,.000,
Tobias Myers,668964,Total,MIL,27,288,0.00,60,12,0,0,0,9,13,0,3,74,.224,.265,.369,
Casey Legumina,668984,Total,CIN,6,29,0.00,8,1,0,0,0,1,0,0,0,5,.276,.276,.414,
Bryan Abreu,650556,Total,HOU,73,158,0.00,21,2,1,0,0,4,13,0,2,58,.148,.229,.261,
Jeffrey Springs,605488,Total,TBR,7,118,0.00,28,5,0,0,0,4,11,0,1,31,.267,.339,.429,
Kyle Freeland,607536,Total,COL,21,414,0.00,111,20,4,0,0,18,20,0,1,72,.285,.320,.495,
Adam Mazur,800049,Total,SDP,8,66,0.00,16,3,1,0,0,3,4,0,2,11,.267,.333,.500,
Spencer Turnbull,605513,Total,PHI,17,120,0.00,22,5,0,0,0,3,10,0,1,33,.202,.275,.330,
Zach McKinstry,656716,Total,DET,3,5,0.00,0,0,0,0,0,0,1,0,0,0,.000,.200,.000,
Spencer Arrighetti,681293,Total,HOU,29,292,0.00,69,15,0,0,0,12,22,0,4,71,.260,.325,.453,
Brusdar Graterol,660813,Total,LAD,7,16,0.00,2,0,0,0,0,0,2,0,0,3,.143,.250,.143,
Anthony Maldonado,687424,Total,MIA,16,44,0.00,13,3,0,0,0,1,3,1,0,6,.317,.364,.463,
Danny Mendick,664901,Total,CWS,1,1,0.00,0,0,0,0,0,0,0,0,0,0,.000,.000,.000,
Trevor Megill,656730,Total,MIL,47,102,0.00,18,1,0,0,0,3,6,2,0,27,.194,.238,.301,
Tylor Megill,656731,Total,NYM,16,165,0.00,36,7,0,0,0,5,13,0,2,41,.240,.309,.387,
Eduard Bazardo,660825,Total,SEA,21,59,0.00,8,2,0,0,0,0,4,0,0,20,.148,.207,.185,
Gregory Soto,642397,Total,BAL,63,148,0.00,33,5,1,0,0,2,18,3,4,42,.268,.374,.374,
Yennier Cano,666974,Total,BAL,69,164,0.00,32,4,0,0,0,3,17,0,1,53,.219,.305,.308,
MacKenzie Gore,669022,Total,WSN,32,546,0.00,125,28,1,0,0,9,46,0,8,141,.257,.329,.374,
Leo Rivas,660844,Total,SEA,2,3,0.00,1,0,0,0,0,0,0,0,0,0,.333,.333,.333,
Yimi García,554340,Total,SEA,38,85,0.00,9,3,0,0,0,0,4,0,2,27,.115,.179,.154,
Andrew Abbott,671096,Total,CIN,25,453,0.00,96,22,1,0,0,23,45,1,0,89,.236,.312,.466,
Anthony Misiewicz,664948,Total,NYY,1,5,0.00,2,0,0,0,0,0,1,0,0,1,.500,.600,.500,
Jordan Montgomery,656756,Total,ARI,25,444,0.00,129,33,3,0,0,13,34,3,2,65,.322,.375,.516,
Enyel De Los Santos,660853,Total,CWS,63,177,0.00,42,12,0,0,0,10,13,0,5,46,.264,.339,.528,
Michael King,650633,Total,SDP,31,336,0.00,67,13,1,0,0,8,25,1,2,107,.218,.281,.345,
Seth Lugo,607625,Total,KCR,33,393,0.00,78,14,1,0,0,9,16,0,3,80,.211,.248,.327,
Logan Allen,671106,Total,CLE,20,359,0.00,97,25,3,0,0,18,36,0,2,63,.306,.377,.574,
Mike Burrows,681347,Total,PIT,1,4,0.00,0,0,0,0,0,0,1,0,0,1,.000,.250,.000,
Erik Miller,669062,Total,SFG,70,176,0.00,35,4,2,0,0,7,23,0,0,47,.230,.330,.421,
Sammy Peralta,671111,Total,CWS,8,43,0.00,11,1,0,0,0,1,4,0,0,6,.282,.349,.385,
Bryse Wilson,669060,Total,MIL,34,247,0.00,56,4,0,0,0,11,10,0,4,46,.242,.285,.403,
Jake Eder,671109,Total,CWS,1,7,0.00,2,0,0,0,0,0,0,0,1,1,.333,.429,.333,
Sean Newcomb,656794,Total,OAK,6,36,0.00,9,1,0,0,0,2,7,1,0,4,.321,.457,.571,
Jackson Rutledge,671131,Total,WSN,3,19,0.00,5,2,0,0,0,1,1,0,0,7,.278,.316,.556,
Nick Nelson,656793,Total,PHI,3,17,0.00,6,0,1,0,0,0,1,0,1,5,.400,.471,.533,
John Means,607644,Total,BAL,4,65,0.00,16,4,1,0,0,2,1,0,1,13,.254,.277,.444,
DL Hall,669084,Total,MIL,13,153,0.00,39,3,0,0,0,6,18,0,2,34,.295,.388,.455,
Steven Okert,595345,Total,MIN,43,95,0.00,26,4,1,0,0,5,12,3,1,19,.317,.411,.573,
Parker Mushinski,656786,Total,HOU,10,27,0.00,4,3,0,0,0,1,4,0,0,2,.174,.296,.435,
Angel Chivilli,683409,Total,COL,29,66,0.00,16,1,0,0,0,5,3,0,1,16,.258,.303,.516,
Aaron Civale,650644,Total,MIL,31,356,0.00,81,15,0,0,0,14,26,0,2,63,.250,.308,.426,
Albert Suárez,544150,Total,BAL,32,303,0.00,66,19,0,0,0,7,16,0,3,60,.238,.283,.383,
Luis Ortiz,656814,Total,PHI,1,3,0.00,2,0,0,0,0,0,0,0,0,0,.667,.667,.667,
José Quijada,650671,Total,LAA,21,53,0.00,10,1,0,0,0,1,9,0,1,12,.244,.385,.341,
Jorge Alcala,660896,Total,MIN,51,128,0.00,22,4,1,0,0,4,10,0,3,28,.193,.273,.351,
Jeremiah Estrada,669093,Total,SDP,59,148,0.00,29,5,0,0,0,3,13,1,0,57,.220,.284,.326,
Gus Varland,681402,Total,CWS,25,72,0.00,19,3,0,0,0,2,5,1,1,18,.288,.347,.424,
Kody Clemens,665019,Total,PHI,1,4,0.00,2,0,0,0,0,1,0,0,0,0,.500,.500,1.250,
Eric Orze,679358,Total,NYM,1,5,0.00,1,0,0,0,0,1,0,0,1,0,.250,.400,1.000,
Zack Wheeler,554430,Total,PHI,32,369,0.00,56,8,1,0,0,5,13,0,5,113,.161,.201,.233,
Tyler Matzek,554431,Total,ATL,11,28,0.00,10,1,0,0,0,2,2,0,0,5,.385,.429,.654,
John McMillon,669111,Total,MIA,10,20,0.00,2,0,0,0,0,0,2,0,0,9,.118,.211,.118,
Domingo Germán,593334,Total,PIT,7,50,0.00,13,1,0,0,0,3,7,0,1,9,.310,.420,.548,
A.J. Puk,640462,Total,ARI,58,203,0.00,36,14,0,0,0,4,24,2,1,56,.203,.300,.350,
Kyle Finnegan,640448,Total,WSN,63,153,0.00,38,3,2,0,0,4,12,1,0,27,.270,.327,.404,
Hunter Harvey,640451,Total,KCR,48,109,0.00,22,10,1,0,0,3,9,0,2,30,.224,.303,.439,
Sean Manaea,640455,Total,NYM,32,580,0.00,98,22,0,0,0,14,52,0,7,137,.190,.271,.313,
Matt Krook,640454,Total,BAL,1,5,0.00,1,0,0,0,0,1,1,0,0,1,.250,.400,1.000,
Gerson Garabito,642520,Total,TEX,17,63,0.00,13,0,0,0,0,3,5,0,2,9,.245,.323,.415,
Luke Little,681432,Total,CHC,27,61,0.00,8,2,0,0,0,1,12,1,4,13,.182,.393,.295,
Michael Petersen,656848,Total,MIA,16,53,0.00,14,4,0,0,0,2,4,0,1,9,.292,.358,.500,
David Peterson,656849,Total,NYM,21,382,0.00,84,21,1,0,0,5,40,0,4,63,.251,.336,.365,
Adbert Alzolay,640470,Total,CHC,18,38,0.00,9,0,0,0,0,3,2,0,1,8,.257,.316,.514,
Jesse Chavez,445926,Total,ATL,44,148,0.00,34,8,0,0,0,8,5,0,1,36,.243,.270,.471,
Joe Boyle,671212,Total,OAK,13,103,0.00,17,1,0,0,0,2,16,0,2,28,.207,.343,.293,
Drew Rasmussen,656876,Total,TBR,16,53,0.00,16,3,0,0,0,0,3,0,0,13,.320,.358,.380,
Kyle Hurt,669165,Total,LAD,3,11,0.00,3,0,0,0,0,0,1,0,0,1,.300,.364,.300,
Jonathan Loáisiga,642528,Total,NYY,3,14,0.00,6,0,0,0,0,0,1,0,0,3,.462,.500,.462,
Alex Wood,622072,Total,OAK,9,135,0.00,34,9,0,0,0,5,16,1,3,24,.304,.398,.518,
Yency Almonte,622075,Total,CHC,17,46,0.00,6,1,0,0,0,1,7,0,2,13,.162,.326,.270,
Alex Young,622065,Total,NYM,17,43,0.00,8,1,1,0,0,1,4,0,0,7,.205,.279,.359,
Freddy Peralta,642547,Total,MIL,32,352,0.00,74,12,0,0,0,17,31,0,9,96,.240,.326,.445,
Jonathan Hernández,642546,Total,SEA,28,109,0.00,21,4,0,0,0,2,14,1,1,23,.228,.330,.337,
Jonathan Heasley,669169,Total,BAL,4,21,0.00,5,0,0,0,0,2,3,0,1,3,.294,.429,.647,
Sean Reid-Foley,656887,Total,NYM,22,53,0.00,9,1,0,0,0,0,8,0,0,14,.200,.321,.222,
Ryne Nelson,669194,Total,ARI,28,316,0.00,85,18,5,0,0,7,14,0,3,68,.288,.323,.454,
Tejay Antone,622088,Total,CIN,3,5,0.00,1,0,0,0,0,0,2,0,0,0,.333,.600,.333,
Drew Thorpe,689672,Total,CWS,9,101,0.00,19,4,0,0,0,6,9,0,0,13,.209,.277,.451,
Lake Bachar,669199,Total,MIA,9,18,0.00,5,1,0,0,0,1,1,0,0,5,.294,.333,.529,
Frankie Montas,593423,Total,MIL,30,313,0.00,59,13,0,0,0,8,26,0,1,81,.209,.276,.340,
Emmanuel Rivera,656896,Total,MIA,4,10,0.00,3,0,0,0,0,1,0,0,1,0,.333,.400,.667,
Ranger Suarez,624133,Total,PHI,27,508,0.00,111,24,1,0,0,11,38,1,3,117,.240,.301,.367,
Alek Jacob,689690,Total,SDP,7,31,0.00,6,0,0,0,0,1,1,0,0,11,.200,.226,.300,
Keegan Akin,669211,Total,BAL,63,173,0.00,30,7,0,0,0,7,11,1,1,56,.194,.244,.374,
Pierce Johnson,572955,Total,ATL,56,135,0.00,30,4,1,0,0,3,14,1,2,32,.252,.341,.378,
Ryder Ryan,656924,Total,PIT,15,53,0.00,10,4,0,0,0,1,2,0,3,10,.217,.288,.370,
Eli Morgan,669212,Total,CLE,30,93,0.00,14,3,1,0,0,2,7,0,0,23,.167,.228,.298,
Corbin Burnes,669203,Total,BAL,32,411,0.00,90,13,1,0,0,14,24,0,2,100,.235,.282,.384,
Drew Smith,622098,Total,NYM,19,49,0.00,10,2,1,0,0,0,5,0,0,16,.238,.306,.333,
Gerardo Reyes,622103,Total,OAK,3,10,0.00,3,1,0,0,0,0,1,0,0,0,.333,.400,.444,
Dallas Keuchel,572971,Total,MIL,4,59,0.00,18,4,1,0,0,2,7,0,0,3,.353,.424,.588,
Luis García,472610,Total,BOS,58,143,0.00,35,7,0,0,0,5,5,0,1,28,.255,.287,.416,
Kyle Leahy,681517,Total,STL,33,115,0.00,21,4,0,0,0,1,5,0,0,17,.194,.226,.259,
Brooks Raley,548384,Total,NYM,8,20,0.00,2,1,0,0,0,0,3,0,0,6,.125,.250,.188,
Ross Stripling,548389,Total,OAK,22,175,0.00,44,14,0,0,0,3,15,0,1,24,.278,.343,.424,
Bryce Elder,693821,Total,ATL,10,105,0.00,28,4,2,0,0,3,6,0,0,27,.283,.324,.455,
Jairo Iriarte,683568,Total,CWS,6,16,0.00,2,0,0,0,0,0,3,0,0,3,.154,.313,.154,
Tanner Scott,656945,Total,SDP,71,217,0.00,36,3,0,0,0,3,28,4,1,53,.197,.307,.262,
Michel Otañez,671305,Total,OAK,36,99,0.00,20,4,0,0,0,1,12,0,1,32,.235,.333,.318,
Dean Kremer,665152,Total,BAL,24,270,0.00,55,11,0,0,0,6,19,0,2,58,.225,.283,.344,
Emmanuel Ramirez,642629,Total,MIA,14,56,0.00,11,3,1,0,0,2,4,0,2,16,.224,.304,.449,
Kenta Maeda,628317,Total,DET,28,252,0.00,67,12,0,0,0,13,14,0,3,45,.286,.333,.504,
Dylan Lee,669276,Total,ATL,50,162,0.00,28,6,0,0,0,4,17,4,0,45,.194,.278,.319,
Joe Mantiply,573009,Total,ARI,64,138,0.00,31,9,2,0,0,0,15,7,0,27,.252,.333,.358,
Pavin Smith,656976,Total,ARI,1,2,0.00,0,0,0,0,0,0,0,0,0,0,.000,.000,.000,
Joel Kuhnel,669270,Total,TBR,6,21,0.00,5,1,0,0,0,1,0,0,1,3,.250,.286,.450,
Anthony Molina,683627,Total,COL,34,149,0.00,44,12,0,0,0,3,6,0,2,22,.317,.349,.468,
Justin Steele,657006,Total,CHC,24,447,0.00,93,22,0,0,0,10,30,0,1,103,.227,.281,.354,
Edgardo Henriquez,683618,Total,LAD,3,6,0.00,1,0,0,0,0,0,1,0,0,3,.200,.333,.200,
Dedniel Núñez,673380,Total,NYM,24,88,0.00,15,3,0,0,0,2,5,1,0,32,.181,.227,.289,
Alec Marsh,679525,Total,KCR,26,239,0.00,53,6,3,0,0,10,21,1,1,62,.248,.315,.444,
Sean Reynolds,669308,Total,SDP,9,28,0.00,4,1,0,0,0,0,1,0,0,14,.154,.179,.192,
Nick Pivetta,601713,Total,BOS,27,306,0.00,78,14,2,0,0,17,15,0,0,82,.271,.304,.510,
Jason Foley,671345,Total,DET,68,149,0.00,35,6,0,0,0,2,6,0,2,25,.252,.289,.338,
Robert Suarez,663158,Total,SDP,63,131,0.00,35,6,0,0,0,3,3,1,0,18,.276,.290,.394,
Logan Gilbert,669302,Total,SEA,33,445,0.00,76,18,1,0,0,14,19,1,3,113,.182,.221,.330,
Dennis Santana,642701,Total,PIT,60,192,0.00,43,13,1,0,0,2,9,0,3,38,.243,.288,.362,
Génesis Cabrera,650893,Total,TOR,68,163,0.00,40,7,0,0,0,5,20,4,0,31,.286,.368,.443,
Diego Castillo,650895,Total,MIN,7,26,0.00,5,0,1,0,0,0,5,0,0,4,.238,.385,.333,
Erik Swanson,657024,Total,TOR,43,96,0.00,21,7,0,0,0,5,7,0,1,20,.239,.302,.489,
Cristopher Sánchez,650911,Total,PHI,31,600,0.00,146,29,1,0,0,9,38,0,0,121,.261,.307,.364,
Touki Toussaint,657053,Total,CWS,11,62,0.00,13,1,2,0,0,1,10,0,1,19,.260,.387,.420,
Wade Miley,489119,Total,MIL,2,27,0.00,6,0,0,0,0,1,4,0,1,1,.286,.423,.429,
Tyler Wells,669330,Total,BAL,3,46,0.00,12,4,1,0,0,3,1,0,0,12,.267,.283,.600,
Charlie Morton,450203,Total,ATL,30,320,0.00,80,18,1,0,0,14,16,0,1,63,.266,.303,.472,
Ryan Thompson,657044,Total,ARI,65,148,0.00,35,6,1,0,0,3,9,0,0,35,.254,.299,.377,
Mitch Spence,687765,Total,OAK,35,359,0.00,87,18,1,0,0,10,29,0,2,57,.267,.330,.420,
Héctor Neris,593576,Total,HOU,59,134,0.00,33,7,2,0,0,7,8,2,1,31,.270,.321,.533,
Josh Staumont,622251,Total,MIN,24,65,0.00,9,0,0,0,0,0,10,0,1,9,.173,.308,.173,
Josh Sborz,622250,Total,TEX,17,43,0.00,9,3,0,0,0,0,3,0,0,10,.225,.279,.300,
Shane Baz,669358,Total,TBR,14,152,0.00,33,3,0,0,0,3,9,0,2,36,.237,.289,.324,
Dillon Tate,622253,Total,TOR,32,115,0.00,32,6,0,0,0,1,7,0,4,22,.308,.374,.394,
Tommy Nance,667297,Total,TOR,19,59,0.00,14,4,0,0,0,1,2,0,1,12,.259,.293,.389,
Cole Tucker,657061,Total,LAA,1,2,0.00,1,0,0,0,0,0,0,0,0,0,.500,.500,.500,
Donovan Walton,622268,Total,SFG,1,4,0.00,2,0,0,0,0,0,0,0,0,0,.500,.500,.500,
Rich Hill,448179,Total,BOS,4,6,0.00,1,0,0,0,0,1,1,0,0,1,.250,.333,1.000,
J.T. Ginn,669372,Total,OAK,8,67,0.00,14,1,0,0,0,1,4,0,1,17,.226,.284,.290,
Tarik Skubal,669373,Total,DET,31,631,0.00,121,22,3,0,0,14,30,0,6,195,.204,.249,.323,
Trey Wingenter,622259,Total,CHC,7,21,0.00,6,1,0,0,0,1,3,0,0,3,.333,.429,.556,
DJ Herz,687792,Total,WSN,19,290,0.00,57,9,1,0,0,8,28,0,1,83,.219,.298,.354,
Nick Robertson,687798,Total,TOR,9,31,0.00,7,0,0,0,0,2,1,0,0,10,.233,.258,.433,
Carmen Mlodzinski,669387,Total,PIT,39,115,0.00,23,4,0,0,0,2,12,1,1,28,.228,.313,.327,
Jacob Webb,657097,Total,BAL,59,136,0.00,27,9,0,0,0,3,16,0,1,29,.227,.324,.378,
Owen White,669391,Total,TEX,3,6,0.00,5,1,0,0,0,1,1,0,0,0,1.000,1.000,1.800,
Ryan Fernandez,681676,Total,STL,62,175,0.00,38,5,2,0,0,1,18,2,0,45,.245,.322,.323,
Andrew Kittredge,552640,Total,STL,74,183,0.00,31,5,0,0,0,4,14,2,0,43,.188,.247,.291,
Taylor Rogers,573124,Total,SFG,62,142,0.00,26,8,0,0,0,5,11,0,1,30,.202,.268,.380,
Daniel Duarte,650960,Total,MIN,2,10,0.00,1,0,0,0,0,1,0,0,0,3,.100,.100,.400,
Dylan Coleman,669395,Total,HOU,1,1,0.00,0,0,0,0,0,0,0,0,0,1,.000,.000,.000,
Xzavion Curry,675540,Total,MIA,16,92,0.00,18,7,0,0,0,2,5,0,0,15,.209,.250,.360,
Yuki Matsui,673513,Total,SDP,63,159,0.00,27,5,2,0,0,5,19,4,0,39,.196,.289,.370,
Hunter Bigge,685801,Total,TBR,18,34,0.00,8,1,0,0,0,1,4,0,0,7,.267,.353,.400,
Matt Sauer,669422,Total,KCR,14,47,0.00,13,1,0,0,0,3,5,0,1,5,.317,.404,.561,
Sam Aldegheri,691951,Total,LAA,3,57,0.00,14,3,0,0,0,2,6,0,2,10,.292,.386,.479,
Marc Church,687847,Total,TEX,1,2,0.00,1,1,0,0,0,0,0,0,0,0,.500,.500,1.000,
Raisel Iglesias,628452,Total,ATL,64,126,0.00,20,1,1,0,0,3,4,1,3,33,.171,.216,.274,
Trevor Rogers,669432,Total,BAL,25,431,0.00,105,27,3,0,0,12,40,1,3,72,.277,.344,.459,
Hunter Gaddis,683769,Total,CLE,72,139,0.00,21,8,0,0,0,1,7,0,0,33,.160,.201,.244,
Mason Englert,669438,Total,DET,12,61,0.00,12,4,0,0,0,3,4,1,1,15,.214,.279,.446,
Porter Hodge,687863,Total,CHC,38,98,0.00,9,3,0,0,0,1,12,0,1,27,.106,.224,.176,
Yusei Kikuchi,579328,Total,HOU,32,591,0.00,136,20,1,0,0,20,36,0,1,166,.248,.295,.398,
Marcus Stroman,573186,Total,NYY,30,347,0.00,81,14,0,0,0,9,29,0,3,66,.260,.327,.391,
Kodai Senga,673540,Total,NYM,1,13,0.00,2,0,0,0,0,1,0,0,1,5,.167,.231,.417,
Troy Taylor,700187,Total,SEA,21,45,0.00,9,2,0,0,0,2,3,0,0,13,.214,.267,.405,
Andre Pallante,669467,Total,STL,27,270,0.00,65,15,0,0,0,6,24,0,2,49,.267,.338,.403,
Nick Hernandez,663321,Total,HOU,5,14,0.00,3,0,0,0,0,2,1,0,0,2,.231,.286,.692,
Kyle Nelson,669459,Total,ARI,10,20,0.00,4,1,0,0,0,1,1,1,0,3,.222,.250,.444,
Shane Bieber,669456,Total,CLE,2,23,0.00,6,3,0,0,0,0,0,0,0,9,.261,.261,.391,
Jonathan Bermúdez,642834,Total,MIA,3,20,0.00,6,3,0,0,0,1,1,0,2,2,.375,.450,.750,
Caleb Thielbar,573204,Total,MIN,57,116,0.00,28,4,0,0,0,5,14,2,0,25,.286,.365,.480,
Matthew Liberatore,669461,Total,STL,57,220,0.00,50,14,0,0,0,9,24,3,1,45,.263,.344,.479,
Vladimir Gutierrez,661269,Total,MIA,1,11,0.00,2,0,0,0,0,0,2,0,0,3,.222,.364,.222,
Daniel Palencia,694037,Total,CHC,10,40,0.00,6,3,0,0,0,0,6,0,1,7,.182,.325,.273,
Michael Grove,675627,Total,LAD,39,141,0.00,32,5,0,0,0,4,12,0,1,29,.254,.321,.389,
Eddy Alvarez,657193,Total,NYM,1,3,0.00,0,0,0,0,0,0,0,0,1,1,.000,.333,.000,
Naoyuki Uwasawa,683822,Total,BOS,2,9,0.00,1,1,0,0,0,0,1,0,0,2,.125,.222,.250,
Jose Trevino,624431,Total,NYY,2,9,0.00,4,2,0,0,0,0,0,0,0,0,.444,.444,.667,
Carlos Estévez,608032,Total,PHI,51,109,0.00,18,3,2,0,0,2,5,1,1,25,.176,.220,.304,
José Ruiz,614179,Total,PHI,51,133,0.00,25,3,0,0,0,3,12,1,1,27,.214,.286,.316,
Andrew Walters,689958,Total,CLE,8,18,0.00,0,0,0,0,0,0,5,0,0,4,.000,.278,.000,
Bryan King,687911,Total,HOU,26,63,0.00,11,4,0,0,0,1,6,0,2,13,.204,.302,.333,
Johnny Cueto,456501,Total,LAA,2,21,0.00,5,2,0,0,0,1,3,1,0,4,.278,.381,.556,
River Ryan,689981,Total,LAD,4,42,0.00,8,1,0,0,0,1,6,0,0,9,.222,.333,.333,
Easton Lucas,687922,Total,TOR,8,38,0.00,8,2,1,0,0,0,5,0,1,8,.258,.368,.387,
Julian Aguiar,687924,Total,CIN,7,73,0.00,16,4,0,0,0,3,6,0,3,8,.250,.342,.453,
Dinelson Lamet,659275,Total,LAD,3,11,0.00,1,0,0,0,0,0,0,0,0,3,.100,.091,.100,
Jordan Wicks,696136,Total,CHC,11,146,0.00,37,7,1,0,0,6,13,0,1,29,.280,.349,.485,
Andrew Wantz,681806,Total,LAA,1,5,0.00,1,0,0,0,0,1,0,0,0,3,.200,.200,.800,
Mike Yastrzemski,573262,Total,SFG,1,5,0.00,1,0,0,0,0,0,3,0,0,0,.500,.800,.500,
Ryan Feltner,663372,Total,COL,30,329,0.00,77,9,0,0,0,10,23,0,3,71,.256,.313,.385,
Matt Waldron,663362,Total,SDP,27,302,0.00,70,11,1,0,0,10,14,0,7,66,.251,.301,.405,
Michael Mercado,675650,Total,PHI,5,39,0.00,9,0,0,0,0,4,4,0,1,8,.265,.359,.618,
Mason Black,696131,Total,SFG,9,91,0.00,27,8,0,0,0,4,8,0,3,18,.338,.418,.588,
John King,667463,Total,STL,51,138,0.00,32,5,0,0,0,2,10,1,0,19,.264,.307,.355,
Ethan Roberts,681799,Total,CHC,20,61,0.00,17,3,0,0,0,2,5,0,0,11,.304,.361,.464,
Julian Merryweather,657240,Total,CHC,15,42,0.00,10,4,1,0,0,0,4,0,3,8,.294,.405,.471,
Cade Povich,700249,Total,BAL,16,255,0.00,60,15,1,0,0,10,26,1,1,53,.265,.341,.473,
Austin Warren,681810,Total,SFG,6,21,0.00,4,0,0,0,0,1,3,0,0,5,.222,.333,.389,
Michael McGreevy,700241,Total,STL,4,50,0.00,9,2,0,0,0,1,1,0,0,10,.184,.200,.286,
Evan Kravetz,667478,Total,CIN,1,1,0.00,0,0,0,0,0,0,0,0,0,0,.000,.000,.000,
Yilber Díaz,700270,Total,ARI,7,62,0.00,15,2,1,0,0,3,3,0,0,9,.259,.290,.483,
José Cisnero,542585,Total,LAA,15,41,0.00,6,0,0,0,0,1,3,0,2,8,.176,.275,.265,
Trent Thornton,663423,Total,SEA,67,161,0.00,31,6,0,0,0,5,11,0,4,39,.217,.289,.364,
Logan Webb,657277,Total,SFG,33,408,0.00,98,14,0,0,0,8,14,2,2,75,.253,.280,.351,
Peter Strzelecki,657265,Total,CLE,8,21,0.00,1,0,0,0,0,0,1,0,1,7,.053,.143,.053,
Cooper Criswell,681867,Total,BOS,26,213,0.00,54,13,0,0,0,8,13,0,4,34,.283,.335,.476,
Tanner Rainey,663432,Total,WSN,48,133,0.00,30,4,0,0,0,6,10,0,2,27,.250,.316,.433,
Keegan Thompson,624522,Total,CHC,23,68,0.00,4,0,0,0,0,0,14,0,0,21,.075,.269,.075,
Erik Sabrowski,681870,Total,CLE,8,34,0.00,4,1,0,0,0,0,4,0,0,16,.133,.235,.167,
Eli Villalobos,681871,Total,MIA,3,10,0.00,3,1,0,0,0,1,1,0,0,1,.333,.400,.778,
Davis Martin,663436,Total,CWS,11,104,0.00,24,4,0,0,0,3,12,0,1,22,.264,.356,.407,
Shawn Dubin,681869,Total,HOU,28,91,0.00,19,5,0,0,0,2,9,0,2,21,.247,.330,.390,
Reese Olson,681857,Total,DET,22,212,0.00,44,12,0,0,0,2,9,0,0,42,.220,.250,.310,
Jhonny Pereda,640902,Total,MIA,1,1,0.00,0,0,0,0,0,0,0,0,0,0,.000,.000,.000,
Colin Selby,681882,Total,BAL,5,16,0.00,1,0,0,0,0,0,1,0,1,5,.071,.188,.071,
Emmanuel Clase,661403,Total,CLE,72,143,0.00,25,3,0,0,0,2,6,1,2,36,.189,.231,.258,
Luis Castillo,622491,Total,SEA,30,373,0.00,71,16,2,0,0,7,20,0,3,108,.205,.253,.323,
Luis Torrens,620443,Total,NYM,1,1,0.00,0,0,0,0,0,0,0,0,0,0,.000,.000,.000,
Jhoan Duran,661395,Total,MIN,53,115,0.00,26,7,0,0,0,2,10,1,2,33,.252,.330,.379,
Spencer Bivens,702352,Total,SFG,27,105,0.00,22,6,0,0,0,3,4,0,1,20,.222,.257,.374,
Tyler Beede,595881,Total,CLE,13,35,0.00,10,1,1,0,0,1,5,1,3,7,.385,.529,.615,
Wander Suero,593833,Total,HOU,1,1,0.00,1,0,0,0,0,0,0,0,0,0,1.000,1.000,1.000,
Kolby Allard,663465,Total,PHI,7,94,0.00,28,2,1,0,0,5,7,0,0,17,.322,.372,.540,
Isaiah Campbell,663462,Total,BOS,8,18,0.00,6,1,0,0,0,1,1,0,0,3,.353,.389,.588,
Kody Funderburk,681892,Total,MIN,26,97,0.00,26,6,0,0,0,4,6,0,3,13,.310,.365,.524,
Kris Bubic,663460,Total,KCR,27,76,0.00,14,4,0,0,0,1,5,3,0,25,.200,.253,.300,
Nabil Crismatt,622503,Total,LAD,5,15,0.00,6,0,0,0,0,1,0,0,0,3,.400,.400,.600,
Nick Loftin,679845,Total,KCR,1,2,0.00,0,0,0,0,0,0,0,0,0,0,.000,.000,.000,
Nick Burdi,595897,Total,NYY,11,37,0.00,3,0,0,0,0,1,8,0,2,10,.111,.351,.222,
Justin Wilson,458677,Total,CIN,52,115,0.00,27,6,0,0,0,4,9,1,1,26,.260,.322,.433,
Cole Sands,663485,Total,MIN,61,173,0.00,31,6,0,0,0,3,5,0,3,52,.193,.227,.286,
Triston McKenzie,663474,Total,CLE,16,174,0.00,36,4,1,0,0,10,30,1,1,44,.252,.385,.503,
Anthony Bender,669622,Total,MIA,58,144,0.00,27,5,1,0,0,1,9,0,3,44,.208,.273,.285,
Alex Vesia,681911,Total,LAD,64,158,0.00,20,5,0,0,0,4,23,3,0,53,.150,.274,.278,
Brady Basso,669620,Total,OAK,6,68,0.00,20,1,0,0,0,3,4,0,0,13,.313,.353,.469,
Lance Lynn,458681,Total,STL,23,243,0.00,53,10,0,0,0,7,14,0,2,59,.236,.285,.373,
AJ Smith-Shawver,700363,Total,ATL,1,10,0.00,3,0,0,0,0,0,0,0,0,1,.300,.300,.300,
Justin Martinez,679885,Total,ARI,63,181,0.00,36,5,1,0,0,1,14,0,2,52,.221,.289,.282,
Clayton Kershaw,477132,Total,LAD,7,99,0.00,28,6,1,0,0,1,9,1,0,15,.318,.374,.443,
Giovanny Gallegos,606149,Total,STL,21,57,0.00,14,5,0,0,0,3,8,0,0,14,.286,.386,.571,
John Curtiss,595928,Total,COL,3,8,0.00,4,2,0,0,0,1,0,0,0,0,.500,.500,1.125,
Seranthony Domínguez,622554,Total,BAL,61,143,0.00,30,6,0,0,0,6,12,0,0,44,.229,.294,.412,
Rafael Montero,606160,Total,HOU,37,81,0.00,14,2,0,0,0,2,8,0,3,14,.200,.309,.314,
Pablo Reyes,622569,Total,BOS,1,3,0.00,0,0,0,0,0,0,1,0,0,0,.000,.333,.000,
Sam Long,669674,Total,KCR,42,102,0.00,19,4,0,0,0,3,12,1,0,26,.216,.307,.364,
Kirby Yates,489446,Total,TEX,57,132,0.00,16,3,0,0,0,1,11,1,2,46,.137,.221,.188,
Robert Gasser,688107,Total,MIL,5,94,0.00,23,1,0,0,0,0,1,0,3,11,.267,.290,.279,
Logan Allen,663531,Total,ARI,12,81,0.00,18,3,0,0,0,2,8,0,1,14,.250,.333,.375,
Justin Bruihl,677865,Total,PIT,7,18,0.00,5,3,0,0,0,1,1,1,1,4,.333,.389,.733,
Clarke Schmidt,657376,Total,NYY,16,169,0.00,33,6,2,0,0,3,13,0,4,35,.221,.296,.349,
Yunior Marte,628708,Total,PHI,23,75,0.00,17,1,0,0,0,1,8,0,0,16,.258,.333,.318,
Shota Imanaga,684007,Total,CHC,29,553,0.00,120,20,1,0,0,22,24,0,3,134,.229,.266,.396,
Sean Hjelle,663546,Total,SFG,57,184,0.00,50,6,0,0,0,1,6,0,2,45,.286,.315,.337,
Taj Bradley,671737,Total,TBR,25,268,0.00,52,5,0,0,0,12,20,0,1,68,.216,.275,.386,
Grant Anderson,681982,Total,TEX,21,65,0.00,18,1,0,0,0,1,4,0,0,17,.295,.338,.361,
Bryan Hudson,663542,Total,MIL,42,152,0.00,20,4,0,0,0,6,9,0,2,41,.143,.204,.300,
